cod,desc,cant,estante,nivel,costo_unitario
1002C,Ecoburo combo zapatera 12 espacios cuadros,0,,,
1002FL,Ecoburo combo zapatera 12 espacios flores lila,1,,,
1002FM,Ecoburo combo zapatera 12 espacios flores moradas,0,,,
1002R,Ecoburo combo zapatera 12 espacios rayas,1,,,
1003C,ECOBURO COMBO ZAPATERA 6 ESPACIOS CUADROS,0,,,
1003FL,ECOBURO COMBO ZAPATERA 6 ESPACIOS FLORES LILA,0,,,
1003FM,ECOBURO COMBO ZAPATERA 6 ESPACIOS FLORES MORADAS,0,,,
1003R,ECOBURO COMBO ZAPATERA 6 ESPACIOS RAYAS,0,,,
1004C,ECOBURO COMBO ZAPATERA 9 ESPACIOS CUADROS,0,,,
1004FL,ECOBURO COMBO ZAPATERA 9 ESPACIOS FLORES LILA,0,,,
1004FM,ECOBURO COMBO ZAPATERA 9 ESPACIOS FLORES MORADAS,0,,,
1004R,ECOBURO COMBO ZAPATERA 9 ESPACIOS RAYAS,0,,,
1005C,Ecoburo combo zapatera 8 espacios cuadros,0,,,
1005FL,Ecoburo combo zapatera 8 espacios flores lila,0,,,
1005FM,Ecoburo combo zapatera 8 espacios flores moradas,0,,,
1005R,Ecoburo combo zapatera 8 espacios rayas,0,,,
1007C,Ecoburo combo p/bolsa de dama cuadros,0,,,
1007FL,Ecoburo combo p/bolsa de dama flores lila,0,,,
1007FM,Ecoburo combo p/bolsa de dama flores moradas,0,,,
1007R,Ecoburo combo p/bolsa de dama rayas,0,,,
1017T,Ecoburo combo zapatera 8 espacios turquesa,0,,,
1017V,Ecoburo combo zapatera 8 espacios vintage,0,,,
1018T,Ecoburo combo zapatera 12 espacios turquesa,0,,,
1018V,Ecoburo combo zapatera 12 espacios vintage,1,,,
1101,Archiva extra ,3,,,
1201C,Ecoburo 3 cajones cuadros,0,,,
1201FL,Ecoburo 3 cajones  flores lila,0,,,
1201R,Ecoburo 3 cajones  rayas,0,,,
1205T,Ecojoyero turquesa,0,,,
1205V,Ecojoyero vintage,1,,,
1301T,Caja sastre chica turquesa,0,,,
1301V,Caja sastre chica vintage,0,,,
1305,Caja sastre mini,8,,,
1306,Caja sastre chica,33,,,
1307,Caja sastre mediana,6,,,
1308,Caja sastre grande,1,,,
1309C,Caja sastre chica decorada cuadros,0,,,
1309FL,Caja sastre chica decorada flores lila,0,,,
1309R,Caja sastre chica decorada rayas,0,,,
1309Z,Caja sastre chica decorada zigzag,0,,,
1310C,Caja sastre mediana decorada cuadros,0,,,
1310FL,Caja sastre mediana decorada flores lila,0,,,
1310R,Caja sastre mediana decorada rayas,0,,,
1310Z,Caja sastre mediana decorada zigzag,0,,,
1311C,Caja sastre grande decorado cuadros,0,,,
1311FL,Caja sastre grande decorado flores lila,0,,,
1311R,Caja sastre grande decorado rayas,0,,,
1311Z,Caja sastre grande decorado zigzag,0,,,
1502,Archivo plÃ¡stico oficio,0,,,
1503,Archivo plÃ¡stico economico,1,,,
1801,Lh 00 neceser,0,,,
1802C,Pc archivo 80 decorada cuadros,1,,,
1802FL,Pc archivo 80 decorada flores lila,5,,,
1802R,Pc archivo 80 decorada rayas,1,,,
1803C,Pc archivo 50 decorada cuadros,0,,,
1803FL,Pc archivo 50 decorada flores lila,4,,,
1803R,Pc archivo 50 decorada rayas,2,,,
1804C,Pc archivo 30 decorada cuadros,0,,,
1804FL,Pc archivo 30 decorada flores lila,2,,,
1804R,Pc archivo 30 decorada rayas,1,,,
1805C,Lh 00 neceser impreso cuadros,0,,,
1805FL,Lh 00 neceser impreso flores lila,0,,,
1805R,Lh 00 neceser impreso rayas,0,,,
1806,Pc archivo 55 decorada madera,5,,,
1807,Pc archivo decorada hojas,2,,,
1905C,Ecoburo combo gde. 4 caj. Cuadros,0,,,
1905FL,Ecoburo combo gde. 4 caj. Flores lila,0,,,
1905FM,Ecoburo combo gde. 4 caj. Flores moradas,0,,,
1905R,Ecoburo combo gde. 4 caj. Rayas,0,,,
1906C,Ecoburo combo 3 cajones cuadros,0,,,
1906FL,Ecoburo combo 3 cajones flores lila,0,,,
1906FM,Ecoburo combo 3 cajones flores moradas,0,,,
1906R,Ecoburo combo 3 cajones rayas,0,,,
2001A,Correcajon mediano azul,4,,,
2001R,Correcajon mediano rojo,4,,,
2001V,Correcajon mediano verde,4,,,
2002,Concentra 4 cajon mediano,3,,,
2003A,Correcajon grande azul,3,,,
2003R,Correcajon grande rojo,1,,,
2003V,Correcajon grande verde,0,,,
2005,Concentra 2 correcajon grande,5,,,
2006,Correcajon chico,9,,,
2007,Concentra correcajon chico,9,,,
2008,Concentra cd,0,,,
2010A,Corre cd azul,0,,,
2010R,Corre cd rojo,0,,,
2010V,Corre cd verde,0,,,
2302AM,Cofre chico amarillo,0,,,
2302AZ,Cofre chico azul,0,,,
2302AZM,Cofre chico azul marino,0,,,
2302F,Cofre chico fiusha,0,,,
2302N,Cofre chico naranja,0,,,
2302O,Cofre chico orquidea,0,,,
2302ROJO,Cofre chico rojo,0,,,
2302ROSA,Cofre chico rosa,0,,,
2302V,Cofre chico verde,0,,,
2303AM,Hexagono 3 charolas amarillo,0,,,
2303AZ,Hexagono 3 charolas azul,0,,,
2303AZM,Hexagono 3 charolas azul marino,0,,,
2303F,Hexagono 3 charolas fiusha,0,,,
2303N,Hexagono 3 charolas naranja,0,,,
2303O,Hexagono 3 charolas orquidea,0,,,
2303ROJO,Hexagono 3 charolas rojo,0,,,
2303ROSA,Hexagono 3 charolas rosa,0,,,
2303V,Hexagono 3 charolas verde,0,,,
2304AM,Lapicero c/divisiones amarillo,0,,,
2304AZ,Lapicero c/divisiones azul,0,,,
2304AZM,Lapicero c/divisiones azul marino,0,,,
2304F,Lapicero c/divisiones fiusha,0,,,
2304N,Lapicero c/divisiones naranja,0,,,
2304O,Lapicero c/divisiones orquidea,0,,,
2304ROJO,Lapicero c/divisiones rojo,0,,,
2304ROSA,Lapicero c/divisiones rosa,0,,,
2304V,Lapicero c/divisiones verde,0,,,
2305AM,Dispenser unipecos amarillo,0,,,
2305AZ,Dispenser unipecos azul,0,,,
2305AZM,Dispenser unipecos azul marino,0,,,
2305F,Dispenser unipecos fiusha,0,,,
2305N,Dispenser unipecos naranja,0,,,
2305O,Dispenser unipecos orquidea,0,,,
2305ROJO,Dispenser unipecos rojo,0,,,
2305ROSA,Dispenser unipecos rosa,0,,,
2305V,Dispenser unipecos verde,0,,,
2306AM,Gavetero 3 cajones amarillo,0,,,
2306AZ,Gavetero 3 cajones azul,0,,,
2306AZM,Gavetero 3 cajones azul marino,0,,,
2306F,Gavetero 3 cajones fiusha ,0,,,
2306N,Gavetero 3 cajones naranja,0,,,
2306O,Gavetero 3 cajones orquidea,0,,,
2306ROJO,Gavetero 3 cajones rojo,0,,,
2306ROSA,Gavetero 3 cajones rosa,0,,,
2306V,Gavetero 3 cajones verde,0,,,
2307AM,Hexagono grande amarillo,0,,,
2307AZ,Hexagono grande azul,0,,,
2307AZM,Hexagono grande azul marino,0,,,
2307F,Hexagono grande fiusha,0,,,
2307N,Hexagono grande naranja,0,,,
2307O,Hexagono grande orquidea,0,,,
2307ROJO,Hexagono grande rojo,0,,,
2307ROSA,Hexagono grande rosa,0,,,
2307V,Hexagono grande verde,0,,,
2308AM,HexÃ¡gono mediano amarillo,0,,,
2308AZ,HexÃ¡gono mediano azul,0,,,
2308AZM,HexÃ¡gono mediano azul marino,0,,,
2308F,HexÃ¡gono mediano fiusha,0,,,
2308N,HexÃ¡gono mediano naranja ,0,,,
2308O,HexÃ¡gono mediano orquidea,0,,,
2308ROJO,HexÃ¡gono mediano rojo,0,,,
2308ROSA,HexÃ¡gono mediano rosa,0,,,
2308V,HexÃ¡gono mediano verde,0,,,
2309AM,HexÃ¡gono chico amarillo,0,,,
2309AZ,HexÃ¡gono chico azul,0,,,
2309AZM,HexÃ¡gono chico azul marino,0,,,
2309F,HexÃ¡gono chico fiusha,0,,,
2309N,HexÃ¡gono chico naranja,0,,,
2309O,HexÃ¡gono chico orquidea,0,,,
2309ROJO,HexÃ¡gono chico rojo,0,,,
2309ROSA,HexÃ¡gono chico rosa,0,,,
2309V,HexÃ¡gono chico verde,0,,,
2313AM,Alhajero secreter amarillo,0,,,
2313AZ,Alhajero secreter azul,0,,,
2313AZM,Alhajero secreter azul marino,0,,,
2313F,Alhajero secreter fiusha,0,,,
2313N,Alhajero secreter naranja,0,,,
2313O,Alhajero secreter orquidea,0,,,
2313ROJO,Alhajero secreter rojo,0,,,
2313ROSA,Alhajero secreter rosa,0,,,
2313V,Alhajero secreter verde,0,,,
2314AM,Porta unipcos c/cajÃ³n amarillo,0,,,
2314AZ,Porta unipcos c/cajÃ³n azul,0,,,
2314AZM,Porta unipcos c/cajÃ³n azul marino,0,,,
2314F,Porta unipcos c/cajÃ³n fiusha,0,,,
2314N,Porta unipcos c/cajÃ³n naranja,0,,,
2314O,Porta unipcos c/cajÃ³n orquidea,0,,,
2314ROJO,Porta unipcos c/cajÃ³n rojo,0,,,
2314ROSA,Porta unipcos c/cajÃ³n rosa,0,,,
2314V,Porta unipcos c/cajÃ³n verde,0,,,
2315AM,Revistero amarillo,0,,,
2315AZ,Revistero azul ,0,,,
2315AZM,Revistero azul marino,0,,,
2315F,Revistero fiusha,0,,,
2315N,Revistero naranja,0,,,
2315ROJO,Revistero rojo,0,,,
2315ROSA,Revistero rosa,0,,,
2315V,Revistero verde,0,,,
2317AM,Portatarjeta amarillo,0,,,
2317AZ,Portatarjeta azul,0,,,
2317AZM,Portatarjeta azul marino,0,,,
2317F,Portatarjeta  fiusha,0,,,
2317N,Portatarjeta naranja,0,,,
2317ROJO,Portatarjeta rojo,0,,,
2317ROSA,Portatarjeta rosa,0,,,
2317V,Portatarjeta verde,0,,,
2318AM,Portaretrato amarillo,0,,,
2318AZ,Portaretrato azul,0,,,
2318AZM,Portaretrato azul marino,0,,,
2318F,Portaretrato fiusha,0,,,
2318N,Portaretrato naranja,0,,,
2318ROJO,Portaretrato rojo,0,,,
2318ROSA,Portaretrato rosa,0,,,
2318V,Portaretrato verde,0,,,
2319AM,Caja lapicera amarillo,0,,,
2319AZ,Caja lapicera azul,0,,,
2319AZM,Caja lapicera azul marino,0,,,
2319F,Caja lapicera fiusha,0,,,
2319N,Caja lapicera naranja,0,,,
2319O,Caja lapicera orquidea,0,,,
2319ROJO,Caja lapicera rojo,0,,,
2319ROSA,Caja lapicera rosa,0,,,
2319V,Caja lapicera verde,0,,,
2320AM,Clinera amarilla,0,,,
2320AZ,Clinera azul,0,,,
2320AZM,Clinera azul marino,0,,,
2320F,Clinera  fiusha,0,,,
2320N,Clinera naranja,0,,,
2320O,Clinera orquidea,0,,,
2320ROJO,Clinera rojo,0,,,
2320ROSA,Clinera rosa,0,,,
2320V,Clinera verde,0,,,
2323AM,Estuche p/reloj amarillo,0,,,
2323AZ,Estuche p/reloj azul,0,,,
2323AZM,Estuche p/reloj azul marino,0,,,
2323F,Estuche p/reloj fiusha,0,,,
2323N,Estuche p/reloj naranja,0,,,
2323ROJO,Estuche p/reloj rojo,0,,,
2323ROSA,Estuche p/reloj rosa,0,,,
2323V,Estuche p/reloj verde,0,,,
2324AM,Estuchep/pluma amarillo,0,,,
2324AZ,Estuchep/pluma azul,0,,,
2324AZM,Estuchep/pluma azul marino,0,,,
2324F,Estuchep/pluma fiusha,0,,,
2324N,Estuchep/pluma naranja,0,,,
2324ROJO,Estuchep/pluma rojo,0,,,
2324ROSA,Estuchep/pluma rosa,0,,,
2324V,Estuchep/pluma verde,0,,,
2326AM,Joyero rectangular amarillo,0,,,
2326AZ,Joyero rectangular azul,0,,,
2326AZM,Joyero rectangular azul marino,0,,,
2326F,Joyero rectangular fiusha,0,,,
2326N,Joyero rectangular naranja,0,,,
2326ROJO,Joyero rectangular rojo,0,,,
2326ROSA,Joyero rectangular rosa,0,,,
2326V,Joyero rectangular verde,0,,,
2327AM,Octagono amarillo,0,,,
2327AZ,Octagono azul,0,,,
2327AZM,Octagono azul marino,0,,,
2327F,Octagono fiusha,0,,,
2327N,Octagono naranja,0,,,
2327ROJO,Octagono rojo,0,,,
2327ROSA,Octagono rosa,0,,,
2327V,Octagono verde,0,,,
2328AM,Porta clips amarillo,0,,,
2328AZ,Porta clips azul,0,,,
2328AZM,Porta clips azul marino,0,,,
2328F,Porta clips fiusha,0,,,
2328N,Porta clips naranja,0,,,
2328ROJO,Porta clips rojo,0,,,
2328ROSA,Porta clips rosa,0,,,
2328V,Porta clips verde,0,,,
2401,Pc archivo 80 super ,24,,,
2402,Pc archivo 70 oficio largo ,104,,,
2403,Pc archivo 50 oficio ,104,,,
2404,Pc archivo 40 carta ,6,,,
2405,Pc archivo 30 mixto ,64,,,
2406,Pc archivo 20 1/2 carta largo ,6,,,
2407,Pc archivo 10 1/2 carta ,1,,,
2409,Pc archivo 60 carta larga ,19,,,
2410,Pc archivo 55 archivo carpeta ,0,,,
2413,Pc archivo 40 blanca alta ,0,,,
2501,Dc archivo 70 oficio larga econÃ³mica ,33,,,
2502,Dc archivo 60 carta larga econÃ³mica ,11,,,
2503,Dc archivo 50 oficio econÃ³mica ,13,,,
2504,Dc archivo 40 carta econÃ³mica ,47,,,
2505,Dc archivo 30 archivo mixta econÃ³mica ,12,,,
2506,Dc archivo 55 archivo carpeta ,25,,,
2602,Eco 40 archivo carta ,24,,,
2603,Eco 50 archivo oficio,29,,,
2804,Archidiario ,10,,,
2900,Sobre jiffylite # 0,18,,,
2901,Sobre jiffylite # 1,0,,,
2902,Sobre jiffylite # 2,4,,,
2903,Sobre jiffylite # 4,13,,,
2904,Sobre jiffylite # 5,0,,,
2905,Sobre jiffylite # 7,13,,,
2906,Sobre jiffylite # 000,28,,,
2907,Sobre manila t/carta,0,,,
2908,Sobre manila t/oficio,0,,,
3103,Archigaveta oficio largo ,2,,,
3203,Archiva oficio corr. Bond ,13,,,
3204,Archiva carta corr. Bond  ,22,,,
3401,Maletin micro blanco,5,,,
3402,Maletin blanco corrugado ,56,,,
3404,Sobre ecolÃ³gico carta ,15,,,
3405,Sobre ecolÃ³gico t/oficio ,5,,,
3501,Reviarchivo grande ,7,,,
3502,Reviarchivo chico ,1,,,
3503T,Revistero chico turquesa,0,,,
3503V,Revistero chico vintage ,0,,,
3206,Archiva gob 1 ,0,,,
3601,Archiva gob 1 economica ,24,,,
3602,Archiva gob 2 ,0,,,
3701,Tubo portaplano 1.09cm,1,,,
3702,Tubo portaplano 91.5cm,0,,,
3703,Tubo portaplano 78cm,0,,,
3704,Tubo portaplano 66cm,0,,,
3705,Tubo portaplano 33.5cm,0,,,
3801,Tarjetero grande ,1,,,
3802,Tarjetero mediano ,14,,,
3803,Tarjetero chico ,9,,,
3912,"Carpeta c/herraje de argolla 3/4"" carta kraft",0,,,
3913,"Carpeta c/herraje de argolla 1"" carta kraft",0,,,
3914,"Carpeta c/herraje de argolla 2"" carta kraft",0,,,
3915,"Carpeta c/herraje de argolla 3"" carta kraft",0,,,
3916,Folder carta kraft ,0,,,
3917,Folder oficio kraft ,0,,,
3922,Dispenser unipecos kraft,0,,,
3924,Lapicero con divisiones kraft,0,,,
3925,Portatarjetas kraft,0,,,
3926,Sobre tipo bolsa carta kraft ,0,,,
3927,Sobre tipo bolsa oficio kraft ,0,,,
3932,Libreta forma francesa kraft,0,,,
3933,Libreta 1/4 de carta kraft,0,,,
3935,Pluma ecolÃ³gia de papel reciclado kraft ,0,,,
3941,Archiva carta ecolÃ³gia 29 ect,24,,,
3942,Archiva oficio ecolÃ³gia 29 ect,6,,,
3943,Reviarchivo grande ecologico 29 ect,10,,,
3944,Archiva gob 1 ecolÃ³gia,0,,,
3945,Portaretrato kraft,0,,,
3946,Sobre tipo bolsa kraft 1/2 carta ,0,,,
4002,Polipack 1/8 x 105,0,,,
4004,Burbuja de aire chica 3/16 (120 mts),170,,,
4005,Burbuja de aire gde 1/2 (60 mts),40,,,
4101,Bolsa de biofill,15,,,
4201,CartÃ³n corrug kraft single face 2.00xmts,30,,,
4200,CartÃ³n corrug kraft single face 2.00xkg,0,,,
4202,CartÃ³n microcorrugado kraft single face,40,,,
4203,Microcorrugado color,0,,,
4207,Lamina de corrugado 29 ect,0,,,
4208,Lamina de corrugado 29 ect,0,,,
4209,Lamina doble corrugado,5,,,
4211B,Lamina micro bond .80x1.60,24,,,
4211K,Lamina micro kraft .80x1.60,0,,,
4212B,LÃ¡mina micro bond 60x90,0,,,
4212K,LÃ¡mina micro kraft 60x90,0,,,
4213,LÃ¡mina caple,0,,,
4214,Lamina de PlÃ¡stico blanca med.1.22x1.22,0,,,
4215,Lamina de PlÃ¡stico negra med.1.40x1.22,0,,,
4217,Separador p/12 botellas 29 ect,2,,,
4223,CartÃ³n corrug kraft single face 1.60xmts,0,,,
4224,CartÃ³n corrug kraft single face 1.60xkg,0,,,
4301,Rollo papelkraft (precio x kilo),0,,,
4302,Rollo papelkraft(precio x kilo),0,,,
4303,Rollo papelkraft(precio x kilo),0,,,
4304,Rollo papelkraft(precio x kilo),0,,,
4305,Papelkraft 1.25 x metro (180 mts aprox),0,,,
4401C,Cinta plastica chica 48x50 canela,16,,,
4401T,Cinta plastica chica 48x50 transparente,0,,,
4402C,Cinta plastica mediana 48x100 canela,0,,,
4402T,Cinta plastica mediana 48x100 transparente,0,,,
4403C,Cinta plastica gde. 48x150 canela,0,,,
4403T,Cinta plastica gde. 48x150 transparente,0,,,
4404,"Despachador de cinta 2""",0,,,
4405,"Engomado 3""",0,,,
4406,"Engomado 2.5""",0,,,
4407,"Engomado 2""",9,,,
4408,"Engomado 1""",0,,,
4412,Cinta impresa fragil ,0,,,
4502,Bolsa con sellos de 1/2(500aprox),1,,,
4503,Flejadora,1,,,
4504,Pinzas para flejar,1,,,
4507,Fleje 1/2 negro precio x kilo,1,,,
4601,Cutter grande ,0,,,
4603,Cutter chico,0,,,
4604,Marcador de aceite,0,,,
4605,Silicato de sodio galÃ³n,0,,,
4606,Bola rafia 1 kg aprox,0,,,
4609,Rollo de blister 18Â¨x1200 pies,0,,,
4612A,Etiqueta arriba,0,,,
4612C,Etiqueta copa,18,,,
4612F,Etiqueta fragil,6,,,
4612HM,Etiqueta hecho en mexico,53,,,
4612P,Etiqueta paraguas,100,,,
4613,Esquineros,9,,,
4615,Bola papel arroz ,50,,,
4618,Etiqueta remitente-destinatario (jgo),22,,,
4619,Cinta masking tape ,0,,,
4620,Cinta masking tape ,0,,,
4625,"Blister 5"" x 1500 pies calibre 80",0,,,
4702,Le e7 estantera ,26,,,
4703,Le e6 estantera ,36,,,
4704,Le e5 estantera ,25,,,
4705,Le e4 estantera ,0,,,
4706,Le e3 estantera ,8,,,
4707,Le e2 estantera ,10,,,
4708,Le e01 estantera ,17,,,
4709,Le e3 estantera econÃ³mica ,10,,,
4710,Ordenador de cajones ,9,,,
4801,Cz 06 seis pares ,41,,,
4802,Cz 12 doce pares ,8,,,
4803,Cz 18 diesciocho pares ,17,,,
4804,Cz 24 veinticuatro pares ,10,,,
4805,Cz 36 treinta y seis pares ,5,,,
4806,Cz 48 cuarenta y ocho pares ,11,,,
4807,Caja bota grande ,41,,,
4808,Caja bota chica ,1,,,
4810,Caja zapato gde micro,14,,,
4811,Caja zapato chica micro,21,,,
4900,Cr 98 caja regular dc,9,,,
4901,Cr 90 caja regular,2,,,
4902,Cr 85 caja regular,205,,,
4902SG,Cr 85 caja regular sg,0,,,
4903,Cr 80caja regular,5,,,
4904,Cr 70 caja regular,3,,,
4904SG,Cr 70 caja regular sg,0,,,
4905,Cr 60 caja regular,25,,,
4905SG,Cr 60 caja regular sg,0,,,
4906,Cr 50 caja regular,19,,,
4906SG,Cr 50 caja regular sg ,0,,,
4907,Cr 75dc caja regular,1,,,
4908,Cr 45 caja regular,1,,,
4908SG,Cr 45 caja regular sg,0,,,
4909,Cr 40 caja regular,14,,,
4909SG,Cr 40 caja regular sg,0,,,
4910,Cr 30 caja regular,87,,,
4910SG,Cr 30 caja regular sg,0,,,
4911,Cr 30n caja reg navideÃ±a ,0,,,
4912,Cr 20 caja regular,32,,,
4912SG,Cr 20 caja regular sg,0,,,
4913,Cr 15 caja regular,8,,,
4914,Cr 10 caja regular,113,,,
4914SG,Cr 10 caja regular sg,0,,,
4915,Cr 03 caja regular,0,,,
4916,Cr 01 caja regular,50,,,
4917,Cr 02 caja regular,80,,,
4918,Cr 75 caja regular,0,,,
4919,Cr 05 caja regular,73,,,
4920,Cr 08 caja regular,58,,,
4921,Cr 04 caja regular,37,,,
4922,Cr cubo caja regular,19,,,
4923,Cr 50 dc caja regular,6,,,
4924,Cr 09 caja regular,20,,,
4925,Cr 25 caja regular,4,,,
4925SG,Cr 25 caja regular sg,0,,,
4926,Cr 35 caja regular,0,,,
4927,Gobierno chico caja regular,26,,,
4928,Gobierno grande caja regular,38,,,
4929,Gobierno super caja regular,18,,,
4930,Serfin caja regular,3,,,
4930SG,Serfin caja regular,0,,,
4931,Pastelera kraft econ caja regular,3,,,
4932,Cr 63 caja regular,0,,,
4934,Cr 85 dc ccaja regular,8,,,
4935,Gobierno chico navideÃ±a caja regular,0,,,
4936,Cr-12 caja regular  ,43,,,
5003,Cr 57 caja regular,5,,,
5020,Caja para corona ,8,,,
5021,Caja para arbol de navidad,16,,,
5023,Caja para corona ,19,,,
5101,Er 00   caja regalo ,185,,,
5102,Er 01   caja regalo ,277,,,
5103,Er 02   caja regalo ,300,,,
5104,Er 03   caja regalo ,8,,,
5105,Er 04   caja regalo ,126,,,
5106,Er 04e caja regalo ,116,,,
5108,Er 05 caja regalo ,221,,,
5109,Er 05v caja regalo c/ ventana ,93,,,
5110,Er 06   caja regalo ,274,,,
5111,Er 06 happy birthday,0,,,
5111B,Er 06 besos,0,,,
5111L,Er 06 love,0,,,
5112A,Er 06 bebe azul,14,,,
5112JR,Er-06 niÃ±a jirafa,0,,,
5112JV,Er-06 niÃ±o jirafa,0,,,
5112O,Er-06 oso bebe new baby,0,,,
5112R,Er 06 bebe rosa,1,,,
5113,Er 6v caja regalo c/ventana ,186,,,
5114A,Er 06 azul,7,,,
5114R,Er 06 rojo,0,,,
5114V,Er 06 verde,0,,,
5115,Er 07   caja regalo ,122,,,
5116,Er 08   caja regalo ,33,,,
5117,Er 09   caja regalo ,124,,,
5118A,Er-09 azul,0,,,
5118D,Er-09 dorado,91,,,
5118P,Er-09 plata,74,,,
5118R,Er-09 rojo,290,,,
5118V,Er-09 verde,0,,,
5119,Er 10   caja regalo ,94,,,
5120,Er 11   caja regalo ,223,,,
5121A,Er 11 color azul,0,,,
5121R,Er-11 color rojo,0,,,
5121V,Er 11 color verde,0,,,
5122,Er 11e  caja regalo ,0,,,
5122EA,Er-11e elefante azul,0,,,
5122ER,Er-11e elefante rosa,0,,,
5123,Er 12    caja regalo ,116,,,
5124,Er 13    caja regalo ,99,,,
5125A,Er 13 color azul,0,,,
5125R,Er 13 color rojo ,0,,,
5125V,Er 13 color verde,0,,,
5126,Er 14      caja regalo   ,300,,,
5127,Er 14v    caja regalo c/ventana  ,174,,,
5128,Er 15      caja regalo ,14,,,
5129A,Er 15 azul,0,,,
5129R,Er 15 rojo,0,,,
5129V,Er 15 verde,0,,,
5130,Er 16      caja regalo,0,,,
5131,Er 17      caja regalo ,0,,,
5132,Er 18      caja regalo ,37,,,
5133,Caja joyeria especial,385,,,
5134AF,Joyeria especial color azul fuerte,0,,,
5134D,Joyeria especial color dorado,114,,,
5134P,Joyeria especial color plata,267,,,
5134R,Joyeria especial color rojo ,0,,,
5134V,Joyeria especial color verde,0,,,
5135AC,Caja bolitos azul cielo,123,,,
5135AF,Caja bolitos azul fuerte,100,,,
5135AM,Caja bolitos amarillo,125,,,
5135AZT,Caja bolitos azul turquesa,289,,,
5135BCO,Caja bolitos blanco,411,,,
5135BGE,Caja bolitos beige,400,,,
5135CH,Caja bolitos color chocolate,221,,,
5135D,Caja bolitos dorado,289,,,
5135K,Caja bolitos kraft,0,,,
5135L,Caja bolitos lila,0,,,
5135M,Caja bolitos morado,11,,,
5135N,Caja bolitos negro,154,,,
5135P,Caja bolitos plata,298,,,
5135R,Caja bolitos rojo,260,,,
5135RF,Caja bolitos rosa fiusha,149,,,
5135RP,Caja bolitos rosa pastel,39,,,
5135T,Caja bolitos tiffany,0,,,
5135V,Caja bolitos verde ,20,,,
5136,Er 19     caja regalo ,44,,,
5137,Caja para reloj ,166,,,
5138,Caja joyeria ,105,,,
D5139AC,Caja muÃ±eca grande azul claro,0,,,
5139AM,Caja muÃ±eca grande amarilla,0,,,
5139AR,Caja muÃ±eca grande azul rey,0,,,
5139L,Caja muÃ±eca grande lila,0,,,
5139N,Caja muÃ±eca grandenaranja,0,,,
5139RF,Caja muÃ±eca grande rosa fiusha,0,,,
5139ROJO,Caja muÃ±eca grande rojo,1,,,
5139VF,Caja muÃ±eca grande verde fuerte,0,,,
5139VL,Caja muÃ±eca grande verde limon,0,,,
5140AM,Caja muÃ±eca chica amarillo,50,,,
5140AR,Caja muÃ±eca chica azul rey,1,,,
5140BCA,Caja muÃ±eca chica blanca,0,,,
5140CH,Caja muÃ±eca chica color chocolate,0,,,
5140L,Caja muÃ±eca chica lila,0,,,
5140N,Caja muÃ±eca chica naranja,26,,,
5140R,Caja muÃ±eca chica roja,2,,,
5140RF,Caja muÃ±eca chica rosa fiusha,1,,,
5140VF,Caja muÃ±eca chica verde fuerte,34,,,
5141AM,Caja muÃ±eca mediana amarilla,6,,,
5141AR,Caja muÃ±eca mediana azul rey,8,,,
5141CH,Caja muÃ±eca mediana chocolate,0,,,
5141L,Caja muÃ±eca mediana lila,0,,,
5141N,Caja muÃ±eca mediana naranja,1,,,
5141ROJA,Caja muÃ±eca mediana roja,5,,,
5141RF,Caja muÃ±eca mediana rosa fiusha,0,,,
5141VF,Caja muÃ±eca mediana verde fuerte ,0,,,
5141VL,Caja muÃ±eca mediana verde limon,29,,,
5142,Caja camioncito,21,,,
5143AC,Caja muÃ±eca mini azul claro,6,,,
5143AM,Caja muÃ±eca mini amarilla,14,,,
5143AR,Caja muÃ±eca mini azul rey,0,,,
5143BCA,Caja muÃ±eca mini blanca,3,,,
5143CH,Caja muÃ±eca mini color chocolate,66,,,
5143L,Caja muÃ±eca mini lila,0,,,
5143N,Caja muÃ±eca mini naranja,0,,,
5143ROJA,Caja muÃ±eca mini roja,43,,,
5143RF,Caja muÃ±eca mini rosa fiusha,0,,,
5143VC,Caja muÃ±eca mini verde claro,2,,,
5143VF,Caja muÃ±eca mini verde fuerte,1,,,
5144M,Alcancia murcielago,0,,,
5144P,Alcancia puerquito medida 10x10x13,10,,,
5144POLLO,Alcancia pollito,15,,,
5144T,Alcancia tortuga medida 10x10x13,16,,,
5144V,Alcancia vaca,19,,,
D5145,Caja pingÃ¼ino ,0,,,
5147,Caja para palomita mini kraft,159,,,
5148,Caja p/tarjeta presentaciÃ³n ,316,,,
5149A,Cubo mini azul,0,,,
5149AM,Cubo mini amarillo,0,,,
5149R,Cubo mini rojo ,0,,,
5149V,Cubo mini verde,0,,,
5150A,Lonchera color azul,223,,,
5150AM,Lonchera color amarilla,78,,,
5150C,Lonchera zebra,50,,,
5150K,Lonchera color kraft,75,,,
5150LUNARNGO,Lonchera lunares negra,167,,,
5150LUNARROJO,Lonchera lunares rojo,72,,,
5150LUNARROSA,Lonchera lunares rosa,75,,,
5150M,Lonchera color morada,161,,,
5150N,Lonchera color naranja,186,,,
5150NGO,Lonchera color negro,105,,,
5150RA,Lonchera rayas,0,,,
5150ROJA,Lonchera color roja,95,,,
5150ROSA,Lonchera color rosa,189,,,
5150V,Lonchera color verde,93,,,
5151,Caja para cd caple,255,,,
5153,Caja p/perfume,86,,,
5154,Caja palomitas chica ,68,,,
5155A,Er-13 bebe azul,0,,,
5155R,Er-13 bebe rosa,0,,,
5156,Casita caple blanca,24,,,
5157,Caja circo,19,,,
5159,Caja para corbata,29,,,
5160OSO,Bolo osito,6,,,
5160P,Bolo payaso,0,,,
5161B,Cubo mini caple bond,0,,,
5161K,Cubo mini caple kraft,70,,,
5162,Hexagono caple kraft,52,,,
5163,Funda cd caple kraft,40,,,
5164B,Almohada mini caple blanco,424,,,
5164K,Almohada mini caple kraft,410,,,
5165B,Caja para dulces tapa integrada blanca,75,,,
5165K,Caja para dulces tapa integrada kraft,50,,,
5166B,Dulcera chica caple blanca,175,,,
5166K,Dulcera chica caple kraft,183,,,
5167,MuÃ±eca micro caple kraft,119,,,
5168B,Caja sorpresa caple blanco,0,,,
5168K,Caja sorpresa caple kraft,179,,,
5169B,Almohada chica y/o mediana caple blanco,0,,,
5169K,Almohada chica y/o mediana caple kraft,166,,,
5175,Caja muÃ±eca mini 14 feb,0,,,
5176,Caja muÃ±eca chica 14 feb,0,,,
5177,Caja muÃ±eca mediana 14 feb,0,,,
5178,Caja muÃ±eca grande 14 feb,49,,,
5180LA,Bolsa europa chica love azul,6,,,
5180ROS,Bolsa europa chica love rosa,7,,,
5181A,Bolsa europa mediana love kraft azul,1,,,
5181R,Bolsa europa mediana love kraft rosa,1,,,
5182P,Bolsa europa  grande paris,0,,,
5182PTS,Bolsa europa grande puntos en medida 40x13x46.5,0,,,
5183L,Peluchera ch love letras color,0,,,
5184,Peluchera mediana kraft love letras verde,0,,,
D5185,Peluchera caple 14 de feb grande,0,,,
5187,Porta retrato 14 feb,7,,,
5188KA,Lonchera mini love kraft azul,0,,,
5188KR,Lonchera mini love kraft rosa,0,,,
5191,Caja para palomitas grande popcorn,0,,,
5192,Caja para palomitas mediana popcorn,0,,,
5193PC,Caja para palomitas chica pop corn,11,,,
5193R,Caja para palomitas chica retro,11,,,
5193Z,Caja para palomitas chica zig zag,22,,,
5196,Caja trenecito caple,0,,,
5197A,Cubo turquesa azul con plata,0,,,
5197B,Cubo turquesa be mine,0,,,
5197R,Cubo turquesa rojo con plata,0,,,
5198,Cubo chocolate ,15,,,
5200,Caja lunares sorpresa,18,,,
5201,Bolsa chica sulfatada ,173,,,
5202,Bolsa mediana sulfatada ,16,,,
5203,Bolsa grande sulfatada ,85,,,
5204,Bolsa sulfatada mini,835,,,
5205,Camion bombero,0,,,
5209A,Hexagono sulfatado azul,0,,,
5209B,Hexagono sulfatado blanco,50,,,
5209L,Hexagono sulfatado lila,0,,,
5209ROJO,Hexagono sulfatado rojo,0,,,
5209ROSA,Hexagono sulfatado rosa,19,,,
5209V,Hexagono sulfatado verde,0,,,
5210AC,Caja muÃ±eca micro sulfatada azul claro ,2,,,
5210AT,Caja muÃ±eca micro sulfatada azul turquesa,12,,,
5210BCO,Caja muÃ±eca micro sulfatada blanco,50,,,
5210BGE,Caja muÃ±eca micro sulfatada beige,40,,,
5210CHO,Caja muÃ±eca micro sulfatada chocolate,0,,,
5210D,Caja muÃ±eca micro sulfatada dorada,1,,,
5210L,Caja muÃ±eca micro sulfatada lila,7,,,
5210M,Caja muÃ±eca micro sulfatada morada,18,,,
5210NGO,Caja muÃ±eca micro sulfatada negra,0,,,
5210P,Caja muÃ±eca micro sulfatada plata,8,,,
5210R,Caja muÃ±eca micro sulfatada rojo,0,,,
5210RC,Caja muÃ±eca micro sulfatada rosa claro,24,,,
5210RF,Caja muÃ±eca micro sulfatada rosa fiusha,25,,,
5210V,Caja muÃ±eca micro sulfatada verde,6,,,
5253,Almohada tipo bolsa papÃ¡,0,,,
5253N,Almohada tipo bolsa nautica,0,,,
5254,Lonchera grande papÃ¡ kraft,0,,,
5254K,Lonchera grande cumple kraft,0,,,
5255,Er 06 mama caple kraft,0,,,
5256,Lonchera grande mama kraft,0,,,
5257,Almohada tipo bolsa mama kraft,0,,,
5258,Caja yours tipo sobre grande,0,,,
5259K,Dulcera corazon kraft,0,,,
5259R,Dulcera corazon roja,0,,,
D5260A,Cubo contraencolado color liso azul 9x9x9,0,,,
D5260R,Cubo contraencolado color liso rojo 9x9x9,0,,,
D5260V,Cubo contraencolado color liso verde 9x9x9,0,,,
D5261A,Cubo contraencolado color liso azul 20x20x20,0,,,
D5261R,Cubo contraencolado color liso rojo 20x20x20,0,,,
D5261V,Cubo contraencolado color liso verde 20x20x20,0,,,
D5262A,Cubo contraencolado color liso azul 30x30x30,0,,,
D5262R,Cubo contraencolado color liso rojo 30x30x30,0,,,
D5262V,Cubo contraencolado color liso verde 30x30x30,0,,,
D5263A,Cubo contraencolado color liso azul 40x40x40,0,,,
D5263R,Cubo contraencolado color liso rojo 40x40x40,0,,,
D5263V,Cubo contraencolado color liso verde 40x40x40,0,,,
5264,Caja vizcaino baby girl,1,,,
5265,Caja vizcaino baby boy,1,,,
5266A,Lonchera be mine azul,0,,,
5266R,Lonchera be mine rosa,0,,,
5267,Cubo tu,0,,,
5269,Almohada corazon,9,,,
5269K,Almohada kraft te amo,0,,,
5270,Caja vizcaino dude,0,,,
5272,Er 06 you & me,0,,,
5273A,Caja multiusos true love azul,0,,,
5273R,Caja multiusos true love rosa,0,,,
5274,Caja vizcaino keep calm,0,,,
5275AM,Contenedor amarillo,0,,,
5275AZ,Contenedor azul,150,,,
5275BCO,Contenedor blanco,1,,,
5275K,Contenedor kraft,0,,,
5275M,Contenedor morado,0,,,
5275N,Contenedor naranja,200,,,
5275NGO,Contenedor negro,0,,,
5275ROJO,Contenedor rojo,0,,,
5275ROSA,Contenedor rosa,125,,,
5275V,Contenedor verde,175,,,
5276HB,Caja vizcaino happy birthday,0,,,
5277,Caja lunares con corazon,36,,,
5278,Caja tipo frack,36,,,
5279,Caja tipo vestido de novia,0,,,
5280,Bolsa franky,0,,,
5281,Caja i love you,19,,,
5283,Caja empaque corazon chica ,8,,,
5284,Caja empaque corazon mediana ,3,,,
5285,Caja empaque corazon grande ,0,,,
5286,Cubo surprise,0,,,
5287L,Caja muÃ±eca  love kraft,0,,,
5287ROJA,Caja muÃ±eca rayas roja ,0,,,
5287ROSA,Caja muÃ±eca rayas rosa ,0,,,
5288ABC,Caja happy day abc ,0,,,
5288HD,Caja happy day  ,0,,,
5288SK,Caja happy day surprise kraft,1,,,
5289,Alcancia fantasma ,0,,,
5290C,Lonchera calabaza,0,,,
5290V,Lonchera vampiro,0,,,
5291,Caja vizcaino love,0,,,
5292,Lonchera siempre tu,0,,,
5293,Caja yours tipo sobre chico,0,,,
5294N,Caja corazon negro,50,,,
5294R,Caja corazon rojo,0,,,
5296,MuÃ±eca mini love,0,,,
5297,Cubo kraft corazon,11,,,
5301,Pastelera super,24,,,
5302,Pasteleragrande,39,,,
5303,Pastelera mediana,0,,,
5304,Pastelera chica ,4,,,
5306,Pastelera chica alta,27,,,
5307,Charola don bosco,50,,,
5308,Caja tipo moka,41,,,
5309,Pastelera especial mini,13,,,
5311,Caja para papa grande,218,,,
5312,Caja para papa chica,201,,,
5313,Caja t/amohada para pay ,191,,,
5314,Caja para hamburguesa,38,,,
5315,Charola para rebanada de pizza,0,,,
5316,Caja para rebanada de pizza,115,,,
5317,Caja para sandwich,100,,,
5318,Charola para hot dog,0,,,
5319B,Cono para crepa bond,9,,,
5319K,Cono para crepa kraft,0,,,
5320,Caja para 4 cup cake con tambor c/vent,49,,,
5321,Caja para 9 cup cake con tambor c/vent,14,,,
5322,Caja para 6 cup cake con tambor c/vent,1,,,
5323,Caja para 12 cup cake con tambor c/vent,50,,,
5324,Caja para 1 cup cake con tambor c/vent,131,,,
5325,Caja para 2 cup cake con tambor c/vent,3,,,
5326A,Caja para 1 cup cake  azul c/ventana de acetato,0,,,
5326CH,Caja para 1 cup cake chocolate c/ventana de acetato,0,,,
5326R,Caja para 1 cup cake fiusha c/ventana de acetato,0,,,
5326VL,Caja para 1 cup cake verde limon c/ventana de acetato,0,,,
5402,Lonchera mex box  kraft ,2,,,
5403,Lonchera super ,267,,,
5404,Lonchera grande,106,,,
5405,Lonchera mediana,292,,,
5406,Lonchera chica ,338,,,
5407,Lonchera grande kraft impresa,0,,,
5408B,Lonchera blanca con ventana ovalada c/acetato ,0,,,
5408K,Lonchera kraft con ventana ovalada c/acetato ,50,,,
5410AC,Dulcera grande azul claro,0,,,
5410AF,Dulcera grande azul rey,0,,,
5410AM,Dulcera grande amarilla D816,0,,,
D5410M,Dulcera grande morado,0,,,
5410N,Dulcera grande naranja,0,,,
5410R,Dulcera grande roja,0,,,
D5410RL,Dulcera grande roja lisa,0,,,
5410ROSA,Dulcera grande rosa,9,,,
5410VF,Dulcera grande verde fuerte,0,,,
5410VL,Dulcera grande verde limon,0,,,
5411AC,Dulcera chica azul claro,34,,,
5411AF,Dulcera chica azul rey ,0,,,
5411AM,Dulcera chica amarilla,0,,,
5411N,Dulcera chica naranja,0,,,
5411ROJO,Dulcera chica rojo,0,,,
5411ROSA,Dulcera chica rosa,0,,,
5411VF,Dulcera chica verde fuerte,0,,,
5411VL,Dulcera chica verde limon,0,,,
5412A,Dulcera chica lunares azul,0,,,
5412R,Dulcera chica lunares rosa,0,,,
5413A,Dulcera lisa color azul,0,,,
D5413AM,Dulcera lisa color amarilla,0,,,
5413C,Dulcera conejo,0,,,
D5413D,Dulcera lisa color dorada,0,,,
5413H,Dulcera halloween,0,,,
5413L,Dulcera lapices,0,,,
5413M,Dulcera lisa color morada,0,,,
D5413NA,Dulcera niÃ±o azul,0,,,
D5413NR,Dulcera niÃ±a rosa,0,,,
D5413P,Dulcera pollito,0,,,
5413PL,Dulcera lisa color plata,0,,,
5413R,Dulcera lisa color roja,0,,,
D5413RO,Dulcera lisa color rosa,0,,,
5414F,Dulcera felicidades,28,,,
5414H,Dulcera hallowen,0,,,
5418,Lonchera mediana dia del niÃ±o,0,,,
5494,MuÃ±eca miniatura de acetato,0,,,
5495,Caja bolito de acetato,0,,,
5496,Hexagono miniatura de acetato ,0,,,
5497,Er 01 caja regalo Con tapa de acetato,53,,,
5498,Er 03 caja regalo Con tapa de acetato,122,,,
5499,Er 06 caja regalo Con tapa de acetato,2,,,
5501,Disco chico p/pastel,10,,,
5502,Disco mediano p/pastel,8,,,
5503,Disco grande p/pastel,15,,,
5504,Base rosca  mediana,0,,,
5505,Base rosca chica,0,,,
5506,Base rosca grande,0,,,
5507,Caja rosca grande micro,0,,,
5508,Caja rosca mediana micro,0,,,
5509,Caja rosca chica micro,202,,,
5510,Caja rosca grande micro,300,,,
5511,Caja rosca mediana micro,302,,,
5512,Caja rosca chica micro,456,,,
5601,Caja jumbo micro,55,,,
5602,Caja vestido de novia,22,,,
5603,Caja para ramo de novia,6,,,
5604,Caja para ramo xv aÃ±os 30x30,19,,,
5605,Caja para ramo xv aÃ±os 26x26,0,,,
5606,Archialta,0,,,
5607,Archimini,17,,,
5608,Cubo micro blanco,138,,,
5609,Caja gis,154,,,
5610,Caja micro bond ho,16,,,
5611,Caja vela grande micro,18,,,
5612,Caja vela chica micro,270,,,
5613,Cubo rehilete,58,,,
5614,Caja crema gde.   Micro kraft,150,,,
5615,Caja crema chica micro kraft,575,,,
5619,Cubo micro kraft,103,,,
5623,Cubo micro kraft,0,,,
5624,Cubo micro kraft,0,,,
5625,Centro de mesa micro kraft grande,134,,,
5626,Bolsa micro kraft grande,0,,,
5627,Cubo micro kraft ,0,,,
5628,Casita micro kraft,0,,,
5629,Vela mini micro bond,276,,,
5630,Caja doble gis ,0,,,
5631,Bolsa micro kraft chica,109,,,
5632,Centro de mesa micro kraft chico,242,,,
5634,Ordenador de cajon corto 44 ect,11,,,
5637,Caja botella micro kraft ,17,,,
5638,Cubo micro kraft ,9,,,
5639,Cubo micro kraft ,156,,,
5640,Lonchera six micro kraft ,1,,,
5703A,Parasol no.3 avioneta,0,,,
5703B,Parasol no.3 bandera,0,,,
5703F,Parasol no.3 fashion,0,,,
5703CG,Parasol no.3 ciudad de guadalajara,0,,,
5703M,Parasol no.3 mostacho,0,,,
5703GG,Parasol no.3 guadalajara ,0,,,
5801,Pizza 0 bond 20x20,0,,,
5802,Pizza 0 kraft 20x20,164,,,
5803,Pizza 1 bond 25x25,0,,,
5804,Pizza 1 kraft 25x25,389,,,
5807,Pizza 3 bond 32x32,0,,,
5808,Pizza 3 kraft 32x32,149,,,
5809,Pizza 4 bond 34x34,0,,,
5810,Pizza 4 kraft 34x34,283,,,
5811,Pizza 4a bond 38x38,0,,,
5812,Pizza 4a kraft 38x38,0,,,
5813,Pizza 5 bond 41x41,0,,,
5814,Pizza 5 kraft 41x41,815,,,
5815,Pizza 5a bond 44x44,0,,,
5816,Pizza 5a kraft 44x44,100,,,
5818,Pizza 30cm bond,0,,,
5819,Pizza 30cm kraft,163,,,
5820,Pizza 36cm bond,0,,,
5821,Pizza 36cm kraft,0,,,
5901,Caja single no. 3,188,,,
5902,Caja single no. 6,287,,,
5903,Caja single no. 13,103,,,
5904,Pastelera mediana single,205,,,
5905,Almohada grande single ,148,,,
5906,Cofre mini single,11,,,
5907,Cofre mediano single,39,,,
5908,Cofre grande single,149,,,
5909,Lonchera chica single,243,,,
5910,Caja p/botella single,90,,,
5911,Bolsa single chica,64,,,
5913,Cubo single,12,,,
5914,Sobre single t/carta,48,,,
5916,Bolo single tipo alcancia,57,,,
5917,Bolsa single mediana,79,,,
5918,Bolsa single grande,0,,,
5920,Almohada mini single,108,,,
5921,Caja para cd single,30,,,
5922,Caja single no.11,350,,,
5923,Caja single no.15,296,,,
5924,Lonchera mediana single,259,,,
5929,Cubo sorpresa single,40,,,
5930,Almohada chica single,5,,,
5931,Centro de mesa single mediano,101,,,
5932,Centro de mesa single grande,92,,,
5933,Centro de mesa single mini,138,,,
5934,Cofre corrugado,0,,,
5935,Dulcero grande single,120,,,
5936,Dulcero chica single ,8,,,
5937,Centro de mesa plano grande single,101,,,
5938,Centro de mesa plano chico single,28,,,
5939,Cofre corrugado jumbo,0,,,
5940,Cubo single ho,52,,,
5941,Almohada jumbo single,0,,,
6001D,Caja joyeria #32 dorada,2,,,
6001P,Caja joyeria #32 plateada,0,,,
6002D,Caja pulsera #33 dorada,15,,,
6002P,Caja pulsera #33 plateada,9,,,
6003,Caja dorada y plateada  ,0,,,
6004,Caja decorada,0,,,
6005D,Caja reloj #82 dorada,82,,,
6005P,Caja reloj #82 plateada,92,,,
6006D,Caja collar #75 dorada,28,,,
6006P,Caja collar #75 plateada,23,,,
6007,Papel regalo disney,0,,,
6008,Papel regalo couche,0,,,
6009,Papel regalo kraft,0,,,
6010AC,Papel de china azul cielo,0,,,
6010AMC,Papel de china amarillo canario,0,,,
6010AMF,Papel de china amarillo fuerte,0,,,
6010AR,Papel de china azul rey,0,,,
6010AZM,Papel de china azul marino,0,,,
6010BCO,Papel de china blanco,0,,,
6010BE,Papel de china beige,0,,,
6010C,Papel de china café,0,,,
6010F,Papel de china fiusha,0,,,
6010G,Papel de china gris ,0,,,
6010K,Papel de china color kraft,0,,,
6010L,Papel de china lila,0,,,
6010M,Papel de china morado,0,,,
6010N,Papel de china naranja,0,,,
6010NEG,Papel de china negro,0,,,
6010ROJO,Papel de china rojo,0,,,
6010ROSA,Papel de china rosa,0,,,
6010T,Papel de china tinto,0,,,
6010VB,Papel de china verde bandera,0,,,
6010VL,Papel de china verde limon,0,,,
6011AC,MoÃ±o magico mediano azul cielo,0,,,
6011AM,MoÃ±o magico mediano amarillo,0,,,
6011AR,MoÃ±o magico mediano azul rey,0,,,
6011BCO,MoÃ±o magico mediano blanco,0,,,
6011D,MoÃ±o magico mediano dorado,0,,,
6011ROJO,MoÃ±o magico mediano rojo,0,,,
6011ROSA,MoÃ±o magico mediano rosa,0,,,
6011V,MoÃ±o magico mediano verde,0,,,
6011SC,MoÃ±o magico mediano surtido claro,0,,,
6011SF,MoÃ±o magico mediano surtido fuerte,0,,,
6012AC,MoÃ±o magico chico azul cielo,0,,,
6012AM,MoÃ±o magico chico amarillo,0,,,
6012AR,MoÃ±o magico chico azul rey,0,,,
6012BCO,MoÃ±o magico chico blanco,0,,,
6012D,MoÃ±o magico chico dorado,0,,,
6012ROJO,MoÃ±o magico chico rojo,0,,,
6012ROSA,MoÃ±o magico chico rosa,0,,,
6012V,MoÃ±o magico chico verde,0,,,
6012SC,MoÃ±o magico chico surtido claro,0,,,
6012SF,MoÃ±o magico chico surtido fuerte,0,,,
6013AC,MoÃ±o magico gde azul cielo,0,,,
6013AM,MoÃ±o magico gde amarillo,0,,,
6013AR,MoÃ±o magico gde azul rey,0,,,
6013BCO,MoÃ±o magico gde blanco,0,,,
6013D,MoÃ±o magico gde dorado,0,,,
6013ROJO,MoÃ±o magico gde rojo,0,,,
6013ROSA,MoÃ±o magico gde rosa,0,,,
6013V,MoÃ±o magico gde verde,0,,,
6013SC,MoÃ±o magico gde surtido claro,0,,,
6013SF,MoÃ±o magico gde surtido fuerte,0,,,
6014,Cinta celofan transparente ,0,,,
6015,Cinta diurex,0,,,
6017AR,Papel regalo metalico azul rey,0,,,
6017D,Papel regalo metalico dorado,0,,,
6017P,Papel regalo metalico plata,0,,,
6017R,Papel regalo metalico rojo,0,,,
6017V,Papel regalo metalico verde,0,,,
6019AR,Paquete papel de china picado azul rey,0,,,
6019B,Paquete papel de china picado blanco,0,,,
6019R,Paquete papel de china picado rojo,0,,,
6019V,Paquete papel de china picado verde bandera,0,,,
6019S,Paquete papel de china picado surtido,0,,,
6020,Moño chico decorado,0,,,
6021,Moño mediano decorado,0,,,
6022,Cilindro chico  de acetato,0,,,
6024,Moño grande decorado,0,,,
6029H,Portaretrato single s/ decorar horizontal,0,,,
6029V,Portaretrato single s/ decorar vertical,0,,,
6030H,Portaretrato single decorado t/o horizontal,0,,,
6030V,Portaretrato single decorado t/o vertical,0,,,
6031,Cofre corrugado gde. Decorado,0,,,
6032,Cofre mediano single decorado,0,,,
6033,Cofre grande decorado single ,0,,,
6037,Bolsa papel kraft mini-mini ,29,,,
6043,Bolsa kraft natural para botella c/ojillo,0,,,
6047,Cubo corrugado decorado,0,,,
6049,Corazon  pintado chico,0,,,
6050,Corazon  pintado mediano,0,,,
6051,Corazon  pintado grande,0,,,
6081,Cilindro de acetato mediano ,0,,,
6086,Cilindro de acetato jumbo,0,,,
6087,Cilindro de acetato grande,0,,,
6088,Cilindro de acetato p/corona,0,,,
6089,Cilindro bolo de acetato,0,,,
6090,Cilindro mini corrugado ,0,,,
6091,Cilindro chico corrugado ,0,,,
6092,Cilindro mediano corrugado    ,0,,,
6093,Cilindro grande corrugado ,0,,,
6094,Cilindro jumbo corrugado ,0,,,
6095,Cilindro petit micro ,0,,,
6096,Cilindro de acetato mini ,0,,,
6097,Cilindro joyero acetato,0,,,
6098,Cilindro petit acetato,0,,,
6102,Cilindro joyero micro,0,,,
6108,Bolo acetato tira pintada,0,,,
6110,Cilindro de acetato p/ tocado,0,,,
6118AM,Cilindro joyero color amarillo,0,,,
6118AC,Cilindro joyero color azul claro,0,,,
6118AR,Cilindro joyero color azul rey,0,,,
6118B,Cilindro joyero color blanco,0,,,
6118M,Cilindro joyero color morado,0,,,
6118N,Cilindro joyero color naranja,0,,,
6118R,Cilindro joyero color rojo,0,,,
6118RC,Cilindro joyero color rosa claro,0,,,
6118RF,Cilindro joyero color rosa fiusha,0,,,
6118VF,Cilindro joyero color verde fuerte,0,,,
6118VL,Cilindro joyero color verde limon,0,,,
6119,Caja sombrero med single ,0,,,
6120,Caja sombrero grande single ,0,,,
6121,Caja hexagono chico corrugado,0,,,
6122,Caja hexagono med corrugado,0,,,
6123,Caja hexagono gde corrugado,0,,,
6124,Caja ovalo chico corrugado,0,,,
6125,Caja ovalo med corrugado,0,,,
6126,Caja ovalo gde corrugado,0,,,
6127,Estrella chica corrugado ,26,,,
6128,Estrella grande corrugado ,0,,,
6129,Caja hexagono chica decorado corrug,0,,,
6130,Caja hexagono med decorado corrug,0,,,
6131,Caja hexagono gde decorado corrug ,0,,,
6132,Caja ovalo chico decorado corrugado,0,,,
6133,Caja ovalo med decorado corrugado,0,,,
6134,Caja ovalo gde decorado corrugado,0,,,
6135,Casita decorada ,0,,,
6136,Estrella jumbo corrugado,0,,,
6137,Cubo corrugado sin decorar,0,,,
6138,Cofre jumbo decorado corrugado,0,,,
6139,Caja manzana chica corrugado,0,,,
6140,Caja manzana grande corrugado,0,,,
6141,Cilindro petit decorado corrugado t/o ,0,,,
6142,Cilindro mini decorado corrugado t/o ,0,,,
6143,Cilindro chico decorado corrugado t/o ,0,,,
6144,Cilindro mediano decorado corrugado t/o ,0,,,
6145,Cilindro grande decorado corrugado t/o ,0,,,
6146,Cilindro jumbo decorado corrugado t/o ,0,,,
6147,Cilindro de acetato botella decorada,0,,,
6148,Cilindro corrugado botella decorada,0,,,
6149AM,Caja chocolatera amarillo,0,,,
6149AC,Caja chocolatera azul claro,0,,,
6149AR,Caja chocolatera azul rey,0,,,
6149M,Caja chocolatera morado,0,,,
6149N,Caja chocolatera naranja,0,,,
6149R,Caja chocolatera rojo,0,,,
6149RC,Caja chocolatera rosa claro,0,,,
6149RF,Caja chocolatera rosa fiusha,0,,,
6149VF,Caja chocolatera verde fuerte,0,,,
6149VL,Caja chocolatera verde limon,0,,,
6150,Cilindro sorpresa corrugado decorado,0,,,
6151,Caja domino corrugado,0,,,
6152,Caja carta baraja corrugado,0,,,
6153,Caja dado chico corrugado,0,,,
6154,Caja dado grande corrugado,0,,,
6155,Caja mariposa grande corrugado decorado,0,,,
6156,Caja mariposa chica corrugado decorado,0,,,
6157,Caja flor grande corrugado decorado,0,,,
6158,Caja flor chica corrugado decorado,0,,,
6163,Corazon grande 15 cm de altura,0,,,
6165,Corazon corrugado con ventana,0,,,
6203,Contenedor chico  dc ,0,,,
6204,Contenedor grande dc ,1,,,
6205,Caja cuadro chico ,2,,,
6206,Caja cuadro grande ,1,,,
6207C,Juguetero ch impreso cuadros,3,,,
6207ÑA,Juguetero ch impreso niÃ±a,0,,,
6207ÑO,Juguetero ch impreso niÃ±o ,3,,,
6209,Casita blanca corrugada,1,,,
6210,Avion en corrugado kraft ,0,,,
6211,Estufa en corrug kraft ,1,,,
6212,Carrito en corrug kraft ,0,,,
6213,Cohete en corrug kraft ,0,,,
6214,Juego de vinil para estufa ,0,,,
6215,Juego de vinil para carrito ,0,,,
6216,Juego de vinil para cohete ,0,,,
6301,Exhibidor de CartÃ³n ,1,,,
6306,Cubo corrugado decorado navideÃ±o,0,,,
6307,Pino corrugado ensamblable medida 54x61,0,,,
6308,Pino corrugado con estrella ensamblable medida 45x68,0,,,
6309,Cilindro bastones chico ,0,,,
6310,Centro de mesa chico single reno,0,,,
6311,Centro de mesa grande single reno,0,,,
6312,Centro de mesa chico plano single reno,0,,,
6313,Centro de mesa grande plano single reno,0,,,
6314,Caja pingÃ¼ino corrugado ,0,,,
6315,Caja campana corrugado,0,,,
6316,Caja galleta jengibre corrugado,0,,,
6317,Caja pino chico micro navideÃ±a,0,,,
6318,Caja corrugado decorado navideÃ±o,0,,,
6319,Caja pino grande decorado micro navideÃ±a,0,,,
6320,Caja mono de nieve micro navideÃ±a,0,,,
6321,Caja bota micro navideÃ±a,0,,,
6322,Caja baston micro navideÃ±a,0,,,
6323,Cofre jumbo corrugado decorado navideÃ±o,0,,,
6324,Cilindro de acetato botella decorado nav,0,,,
6325,Cilindro corrugado botella decorado nav,0,,,
6326,Caja chocolatera decorada navideÃ±a y moÃ±o,0,,,
6327,Cilindro sorpresa corrugado decorado nav,0,,,
6328,Cilindro corrugado cara de reno nav,0,,,
6329,Cilindro corrugado vela navideÃ±a,0,,,
6330,Caja hexagono chica dec navideÃ±a corrug,0,,,
6331,Caja hexagono mediano dec navideÃ±a corrug,0,,,
6332,Caja hexagono grande dec navideÃ±a corrug,0,,,
6333,Caja ovalo chica dec navideÃ±a corrug,0,,,
6334,Caja ovalo med dec navideÃ±a corrug,0,,,
6335,Caja ovalo gde dec navideÃ±a corrug,0,,,
6336,Cofre grande dec navideÃ±o single,0,,,
6350,Cilindro mediano pintado navideÃ±o santa claus,0,,,
6351,Cilindro grande pintado navideÃ±o santa claus,0,,,
6352,Cilindro jumbo pintado navideÃ±o santa claus,0,,,
6353,Cubo copos 20x20 micro kraft,11,,,
6354,Cubo copos 30x30 micro kraft,0,,,
6355,Cubo copos 40x40 micro kraft,0,,,
6360,Casita dec navideÃ±a,0,,,
6375,Er-13 pingÃ¼ino ,18,,,
6376,Er-11 esp hojas ,0,,,
6377,Er-06 hojas ,0,,,
6378,Vizcaino joy peace love,1,,,
6379,Almohada grande pino blanco,1,,,
6380,Maletin micro kraft copos venado,0,,,
6381A,Sobre yours rombo azul,0,,,
6381R,Sobre yours rombo rojo ,17,,,
6382A,Almohada con asa estrella nav azul,0,,,
6382R,Almohada con asa estrella nav rojo,35,,,
6382V,Almohada con asa estrella nav verde,0,,,
6383D,Lonchera mediana collage nav dorado ,0,,,
6383P,Lonchera mediana collage nav plata,2,,,
6383R,Lonchera mediana collage nav rojo ,1,,,
6384,Caja kraft pino blanco,7,,,
6385,Cofre mediano decorado navideÃ±o single,0,,,
6386,Cofre grande decorado navideÃ±o corrugado,0,,,
6387H,Portaretrato dec nav horizontal single,0,,,
6387V,Portaretrato dec nav vertical single,0,,,
6409,Papel de china impreso navideÃ±o,0,,,
6413,Bolsa satinada mini navideÃ±a,0,,,
6414,Bolsa satinada chica navideÃ±a,0,,,
6415,Bolsa satinada mediana navideÃ±a,0,,,
6416,Bolsa satinada grande navideÃ±a,0,,,
6417,Bolsa satinada extragrande(jumbo) navideÃ±a,0,,,
6418,Bolsa satinada alta navideÃ±a,0,,,
6419,Bolsa satinada xxl navideÃ±a,0,,,
6420,Bolsa satinada boutique chica navideÃ±a,0,,,
6421,Bolsa satinada boutique mediana navideÃ±a,0,,,
6422,Bolsa satinada botella navideÃ±a,0,,,
6425,Papel couche navideÃ±o,0,,,
6426,Papel disney navideÃ±o,0,,,
6429A,Papel holograma azul,0,,,
6429D,Papel holograma dorado,0,,,
6429P,Papel holograma plata,0,,,
6429R,Papel holograma rojo,0,,,
6429V,Papel holograma verde,0,,,
6430A,Papel gofrado azul,0,,,
6430D,Papel gofrado dorado,0,,,
6430P,Papel gofrado plata,0,,,
6430R,Papel gofrado rojo,0,,,
6430V,Papel gofrado verde,0,,,
6431NAV,Caja vizcaino navidad we wish you,0,,,
D6431R,Caja vizcaino roja navidad,0,,,
D6431V,Caja vizcaino verde navidad,0,,,
6433,Dulcera casita navideÃ±a,0,,,
D6435,Cubo contraencolado 30x30 copos,0,,,
6438,MoÃ±o mini metalico,0,,,
6439,Er 11 especial renos,0,,,
D6440A,Er 06 pino dorado azul,0,,,
D6440R,Er 06 pino dorado roja,0,,,
6440S,Er 06 santa stop navideÃ±a,2,,,
D6440V,Er 06 pino dorado verde,0,,,
D6441A,Er 13 pino dorado azul,0,,,
D6441PR,Er 13 pino rojo nva,0,,,
D6441PV,Er 13 pino verde nva,0,,,
D6441R,Er 13 pino dorado rojo,0,,,
D6441V,Er 13 pino dorado verde,0,,,
6441VEN,Er 13 venado navidad,0,,,
D6441FR,Er 13 feliz navidad roja,0,,,
D6441FV,Er 13 feliz navidad verde,0,,,
6442,Caja happy day navidad,0,,,
6443,Caja multiusos navidad,0,,,
6443J,Caja multiusos joy peace love,0,,,
6443P,Caja multiusos peeking christmas,0,,,
6444P,Lonchera mini plata navidad,0,,,
6444R,Lonchera mini rojo navidad,0,,,
D6444ROSA,Lonchera mini rosa navidad,0,,,
6445D,Lonchera mediana dulcey santa nav,2,,,
D6445R,Lonchera mediana renos nav,0,,,
6445S,Lonchera mediana caras nav,70,,,
6448,Dulcera mediana navideÃ±a,27,,,
6449B,Dulcera bota,0,,,
6449BASTON,Dulcera baston kraft,9,,,
6449BK,Dulcera bota kraft,0,,,
6449P,Dulcera pino,0,,,
6449PK,Dulcera pino kraft,0,,,
6450,Moño mediano decorado navideño,0,,,
6451,Moño grande decorado navideño,0,,,
6452,Almohada navideÃ±a ho ho ho,0,,,
6453,Dulcera pingÃ¼ino navideÃ±a,12,,,
6454,Peluchera mediana monos de nieve,0,,,
6455,Peluchera mediana reno navideÃ±a,0,,,
6456,Caja tipo vizcaino reno,0,,,
6457,Caja 13 oh chrisma tree,0,,,
6458,Caja tipo bolsa con asa navideÃ±a,0,,,
6459,Cubo esferas,0,,,
6460A,Caja tipo almohada santa azul,37,,,
6460R,Caja tipo almohada santa roja,36,,,
6460MERRY,Caja tipo almohada merry,12,,,
6461,Alcancia reno ,0,,,
6462,Alcancia santa,0,,,
6463,Lonchera mediana renos feliz navidad,0,,,
6464,Casita kraft navideÃ±a,24,,,
6474,Cubo merry chrismas,0,,,
6475,Cubo surprice navideÃ±o,0,,,
6476,Bolsa europa grande navideÃ±a ,0,,,
6482,Lonchera copos de nieve,0,,,
6486,Lonchera extra mini caras navideÃ±a,8,,,
6487,Caja palomitas navideÃ±a grande,0,,,
6488,Caja palomitas navideÃ±a mediana,0,,,
6489,Caja palomitas navideÃ±a chica,0,,,
6490AN,Bolsa europa mediana arbol navideÃ±o ,0,,,
6490K,Bolsa europa mediana navideÃ±a kraft ,0,,,
6491,Bolsa europa navideÃ±a chica kraft,0,,,
6492,Dulcera navideÃ±a cup cake,0,,,
6494,Dulcero reno,0,,,
6495B,Caja muÃ±eca grande buho,2,,,
6495S,Caja muÃ±eca grande santa,0,,,
6496,Dulcera especial esferas y reno,0,,,
6497,Lonchera eco navideÃ±a,6,,,
6498,Peluchera grande jengibre,0,,,
6499,Lonchera grande reno y esfera ,0,,,
6501,Bolsa satinada mini ,0,,,
6502,Bolsa satinada chica   ,0,,,
6503,Bolsa satinada mediana ,0,,,
6504,Bolsa satinada grande ,0,,,
6505,Bolsa satinada jumbo ,0,,,
6520HA,Bolsa kraft color horizontal mini azul,0,,,
6520HR,Bolsa kraft color horizontal mini rojo,0,,,
6520HV,Bolsa kraft color horizontal mini verde,0,,,
6520VA,Bolsa kraft color vertical mini azul,0,,,
6520VR,Bolsa kraft color vertical mini rojo,0,,,
6520VV,Bolsa kraft color vertical mini verde,0,,,
6521HA,Bolsa kraft color horizontal chica azul,0,,,
6521HR,Bolsa kraft color horizontal chica rojo,0,,,
6521HV,Bolsa kraft color horizontal chica verde,0,,,
6521VA,Bolsa kraft color vertical chica azul,0,,,
6521VR,Bolsa kraft color vertical chica rojo,0,,,
6521VV,Bolsa kraft color vertical chica verde,0,,,
6522HA,Bolsa kraft color horizontal mediana azul,0,,,
6522HR,Bolsa kraft color horizontal mediana rojo,0,,,
6522HV,Bolsa kraft color horizontal mediana verde,0,,,
6522VA,Bolsa kraft color vertical mediana azul,0,,,
6522VR,Bolsa kraft color vertical mediana rojo,0,,,
6522VV,Bolsa kraft color vertical mediana verde,0,,,
6523HA,Bolsa kraft color horizontal grande azul,0,,,
6523HR,Bolsa kraft color horizontal grande rojo,0,,,
6523HV,Bolsa kraft color horizontal grande verde,0,,,
6523VA,Bolsa kraft color vertical grande azul,0,,,
6523VR,Bolsa kraft color vertical grande rojo,0,,,
6523VV,Bolsa kraft color vertical grande verde,0,,,
6524HA,Bolsa kraft color horizontal jumbo azul,0,,,
6524HR,Bolsa kraft color horizontal jumbo rojo,0,,,
6524HV,Bolsa kraft color horizontal jumbo verde,0,,,
6524VA,Bolsa kraft color vertical jumbo azul,0,,,
6524VR,Bolsa kraft color vertical jumbo rojo,0,,,
6524VV,Bolsa kraft color vertical jumbo verde,0,,,
6525HN,Bolsa kraft natural horizontal mini,126,,,
6525VN,Bolsa kraft natural vertical mini,51,,,
6526HN,Bolsa kraft natural horizontal chica,162,,,
6526VN,Bolsa kraft natural vertical chica,7,,,
6527HN,Bolsa kraft natural horizontal mediana,190,,,
6527VN,Bolsa kraft natural vertical mediana,118,,,
6528HN,Bolsa kraft natural horizontal grande,126,,,
6528VN,Bolsa kraft natural vertical grande,99,,,
6529HN,Bolsa kraft natural horizontal jumbo,195,,,
6529VN,Bolsa kraft natural vertical jumbo,31,,,
6530,Bolsa para botella  kraft pintada,0,,,
6531,Bolsa para botella  kraft natural sin ojillo,0,,,
6580,Papel china impreso,0,,,
6594HB,Bolsa bond mini horizontal blanca ,99,,,
6594VB,Bolsa bond mini vertical blanca ,38,,,
6595HB,Bolsa bond chica horizontal blanca ,0,,,
6595VB,Bolsa bond chica vertical blanca ,1,,,
6596HB,Bolsa bond mediana horizontal blanca ,0,,,
6596VB,Bolsa bond mediana vertical blanca ,11,,,
6597HB,Bolsa bond grande horizontal blanca,1,,,
6597VB,Bolsa bond grande vertical blanca,5,,,
6598HB,Bolsa bond jumbo horizontal blanca,0,,,
6598VB,Bolsa bond jumbo vertical blanca,14,,,
6613,Bolsa de papel estrasa no. 6,0,,,
6614,Bolsa de papel estrasa no. 10,0,,,
6615,Bolsa de papel estrasa no. 20,0,,,
6619,Bolsa de papel estrasa no. 5 ,0,,,
6620,Bolsa estrasa despensa ,0,,,
8001,Miniestand xd-2,0,,,
8002,Rack xr-1 (sin insertos),0,,,
8003,Rack xr-2 (sin insertos),0,,,
8004,Rack xr-3 (sin insertos),0,,,
8005,Rack xr-4 (sin insertos),0,,,
8006,Rack xr-5 (sin insertos),0,,,
8007,Rack xr-6 (sin insertos),0,,,
8008,Charola exhibidora xm-1  (sin insertos),0,,,
8009,Charola exhibidora xm-2 (sin insertos),0,,,
8010,Charola exhibidora xm-3 (sin insertos),0,,,
8011,Charola exhibidora xm-4  (sin insertos),0,,,
8012,"Inserto xr-1 plafon. Escalera, divisores, soporte",0,,,
8013,"Inserto xr-2 plafon. Escalera, divisores, soporte",0,,,
8014,"Inserto xr-3 plafon. Escalera, divisores, soporte",0,,,
8015,"Inserto xr-6 plafon. Escalera, divisores, soporte",0,,,
8016,"Inserto xm-1 plafon. Escalera, divisores",0,,,
8017,"Inserto xm-2 plafon. Escalera, divisores",0,,,
8018,"Inserto xm-3 plafon. Escalera, divisores",0,,,
8019,"Inserto xm-4 plafon. Escalera, divisores",0,,,
8020,Juego vinil autoadherible para xd-2,0,,,
8021,Juego vinil autoadherible para xr-1,0,,,
8022,Juego vinil autoadherible para xr-2,0,,,
8023,Juego vinil autoadherible para xr-3,0,,,
8024,Juego vinil autoadherible para xr-4,0,,,
8025,Juego vinil autoadherible para xr-5,0,,,
8026,Juego vinil autoadherible para xr-6,0,,,
8027,Juego vinil autoadherible para xm-1,0,,,
8028,Juego vinil autoadherible para xm-2,0,,,
8029,Juego vinil autoadherible para xm-3,0,,,
8030,Juego vinil autoadherible para xm-4,0,,,
6166,Cilindro grande de 15 cm de altura 14 de feb,0,,,
P1716,Colgante decorativo calabaza,0,,,
P1717,Colgante decorativo araña,0,,,
9996,Globo liso con aire,0,,,
9997,Globo liso con helio,0,,,
9998,Globo estampado con aire,0,,,
9999,Globo estampado con helio,0,,,
B050,Tae Chico ,0,,,
