cod,desc,cant,,,
1002C,ECOBURO COMBO ZAPATERA 12 ESPACIOS CUADROS,1,,,Modificar la descripcion
1002FL,ECOBURO COMBO ZAPATERA 12 ESPACIOS FLORES LILA,1,,,
1002FM,ECOBURO COMBO ZAPATERA 12 ESPACIOS FLORES MORADAS,1,,,Falta que Maria Elena lo separe por color
1002R,ECOBURO COMBO ZAPATERA 12 ESPACIOS RAYAS,1,,,
1005C,ECOBURO COMBO ZAPATERA 8 ESPACIOS CUADROS,1,,,dar de alta
1005FL,ECOBURO COMBO ZAPATERA 8 ESPACIOS FLORES LILA,1,,,
1005FM,ECOBURO COMBO ZAPATERA 8 ESPACIOS FLORES MORADAS,1,,,Quitar del listado
1005R,ECOBURO COMBO ZAPATERA 8 ESPACIOS RAYAS,1,,,
1007C,ECOBURO COMBO P/BOLSA DE DAMA CUADROS,1,,,
1007FL,ECOBURO COMBO P/BOLSA DE DAMA FLORES LILA,1,,,
1007FM,ECOBURO COMBO P/BOLSA DE DAMA FLORES MORADAS,1,,,
1007R,ECOBURO COMBO P/BOLSA DE DAMA RAYAS,1,,,
1017T,ECOBURO COMBO ZAPATERA 8 ESPACIOS TURQUESA,0,,,
1017V,ECOBURO COMBO ZAPATERA 8 ESPACIOS VINTAGE,0,,,
1018T,ECOBURO COMBO ZAPATERA 12 ESPACIOS TURQUESA,0,,,
1018V,ECOBURO COMBO ZAPATERA 12 ESPACIOS VINTAGE,0,,,
1101,ARCHIVA EXTRA MED.35X15X27,15,,,
1201C,ECOBURO 3 CAJONES CUADROS,1,,,
1201FL,ECOBURO 3 CAJONES  FLORES LILA,1,,,
1201R,ECOBURO 3 CAJONES  RAYAS,1,,,
1205T,ECOJOYERO TURQUESA,2,,,
1205V,ECOJOYERO VINTAGE,2,,,
1301T,CAJA SASTRE CHICA TURQUESA,2,,,
1301V,CAJA SASTRE CHICA VINTAGE,2,,,
1305,CAJA SASTRE MINI,5,,,
1306,CAJA SASTRE CHICA,5,,,
1307,CAJA SASTRE MEDIANA,5,,,
1308,CAJA SASTRE GRANDE,0,,,
1309C,CAJA SASTRE CHICA DECORADA CUADROS,2,,,
1309FL,CAJA SASTRE CHICA DECORADA FLORES LILA,2,,,
1309R,CAJA SASTRE CHICA DECORADA RAYAS,2,,,
1309Z,CAJA SASTRE CHICA DECORADA ZIGZAG,0,,,
1310C,CAJA SASTRE MEDIANA DECORADA CUADROS,2,,,
1310FL,CAJA SASTRE MEDIANA DECORADA FLORES LILA,2,,,
1310R,CAJA SASTRE MEDIANA DECORADA RAYAS,2,,,
1310Z,CAJA SASTRE MEDIANA DECORADA ZIGZAG,0,,,
1311C,CAJA SASTRE GRANDE DECORADO CUADROS,2,,,
1311FL,CAJA SASTRE GRANDE DECORADO FLORES LILA,2,,,
1311R,CAJA SASTRE GRANDE DECORADO RAYAS,2,,,
1311Z,CAJA SASTRE GRANDE DECORADO ZIGZAG,0,,,
1502,ARCHIVO PLÁSTICO OFICIO,5,,,
1503,ARCHIVO PLÁSTICO ECONOMICO,5,,,
1801,LH 00 NECESER,10,,,
1802C,PC ARCHIVO 80 DECORADA CUADROS,2,,,
1802FL,PC ARCHIVO 80 DECORADA FLORES LILA,2,,,
1802R,PC ARCHIVO 80 DECORADA RAYAS,2,,,
1803C,PC ARCHIVO 50 DECORADA CUADROS,2,,,
1803FL,PC ARCHIVO 50 DECORADA FLORES LILA,2,,,
1803R,PC ARCHIVO 50 DECORADA RAYAS,2,,,
1804C,PC ARCHIVO 30 DECORADA CUADROS,2,,,
1804FL,PC ARCHIVO 30 DECORADA FLORES LILA,2,,,
1804R,PC ARCHIVO 30 DECORADA RAYAS,2,,,
1805C,LH 00 NECESER IMPRESO CUADROS,2,,,
1805FL,LH 00 NECESER IMPRESO FLORES LILA,2,,,
1805R,LH 00 NECESER IMPRESO RAYAS,2,,,
1806,PC ARCHIVO 55 DECORADA MADERA ,1,,,
1807,PC ARCHIVO DECORADA HOJAS ,1,,,
1905C,ECOBURO COMBO GDE. 4 CAJ. CUADROS,1,,,
1905FL,ECOBURO COMBO GDE. 4 CAJ. FLORES LILA,1,,,
1905FM,ECOBURO COMBO GDE. 4 CAJ. FLORES MORADAS,1,,,
1905R,ECOBURO COMBO GDE. 4 CAJ. RAYAS,1,,,
1906C,ECOBURO COMBO 3 CAJONES CUADROS,1,,,
1906FL,ECOBURO COMBO 3 CAJONES FLORES LILA,1,,,
1906FM,ECOBURO COMBO 3 CAJONES FLORES MORADAS,0,,,
1906R,ECOBURO COMBO 3 CAJONES RAYAS,0,,,
2001A,CORRECAJON MEDIANO AZUL,4,,,
2001R,CORRECAJON MEDIANO ROJO,4,,,
2001V,CORRECAJON MEDIANO VERDE,4,,,
2002,CONCENTRA 4 CAJON MEDIANO,3,,,
2003A,CORRECAJON GRANDE AZUL,2,,,
2003R,CORRECAJON GRANDE ROJO,2,,,
2003V,CORRECAJON GRANDE VERDE,2,,,
2005,CONCENTRA 2 CORRECAJON GRANDE,3,,,
2006,CORRECAJON CHICO,6,,,
2007,CONCENTRA CORRECAJON CHICO,0,,,
2008,CONCENTRA CD,3,,,
2010A,CORRE CD AZUL,2,,,
2010R,CORRE CD ROJO,2,,,
2010V,CORRE CD VERDE,2,,,
2302AM,COFRE CHICO AMARILLO,0,,,
2302AZ,COFRE CHICO AZUL,0,,,
2302AZM,COFRE CHICO AZUL MARINO,0,,,
2302F,COFRE CHICO FIUSHA,0,,,
2302N,COFRE CHICO NARANJA,0,,,
2302O,COFRE CHICO ORQUIDEA,0,,,
2302ROJO,COFRE CHICO ROJO,0,,,
2302ROSA,COFRE CHICO ROSA,0,,,
2302V,COFRE CHICO VERDE,0,,,
2303AM,HEXAGONO 3 CHAROLAS AMARILLO,0,,,
2303AZ,HEXAGONO 3 CHAROLAS AZUL,0,,,
2303AZM,HEXAGONO 3 CHAROLAS AZUL MARINO,0,,,
2303F,HEXAGONO 3 CHAROLAS FIUSHA,0,,,
2303N,HEXAGONO 3 CHAROLAS NARANJA,0,,,
2303O,HEXAGONO 3 CHAROLAS ORQUIDEA,0,,,
2303ROJO,HEXAGONO 3 CHAROLAS ROJO,0,,,
2303ROSA,HEXAGONO 3 CHAROLAS ROSA,0,,,
2303V,HEXAGONO 3 CHAROLAS VERDE,0,,,
2304AM,LAPICERO C/DIVISIONES AMARILLO,0,,,
2304AZ,LAPICERO C/DIVISIONES AZUL,0,,,
2304AZM,LAPICERO C/DIVISIONES AZUL MARINO,0,,,
2304F,LAPICERO C/DIVISIONES FIUSHA,0,,,
2304N,LAPICERO C/DIVISIONES NARANJA,0,,,
2304O,LAPICERO C/DIVISIONES ORQUIDEA,0,,,
2304ROJO,LAPICERO C/DIVISIONES ROJO,0,,,
2304ROSA,LAPICERO C/DIVISIONES ROSA,0,,,
2304V,LAPICERO C/DIVISIONES VERDE,0,,,
2305AM,DISPENSER UNIPECOS AMARILLO,0,,,
2305AZ,DISPENSER UNIPECOS AZUL,0,,,
2305AZM,DISPENSER UNIPECOS AZUL MARINO,0,,,
2305F,DISPENSER UNIPECOS FIUSHA,0,,,
2305N,DISPENSER UNIPECOS NARANJA,0,,,
2305O,DISPENSER UNIPECOS ORQUIDEA,0,,,
2305ROJO,DISPENSER UNIPECOS ROJO,0,,,
2305ROSA,DISPENSER UNIPECOS ROSA,0,,,
2305V,DISPENSER UNIPECOS VERDE,0,,,
2306AM,GAVETERO 3 CAJONES AMARILLO,0,,,
2306AZ,GAVETERO 3 CAJONES AZUL,0,,,
2306AZM,GAVETERO 3 CAJONES AZUL MARINO,0,,,
2306F,GAVETERO 3 CAJONES FIUSHA ,0,,,
2306N,GAVETERO 3 CAJONES NARANJA,0,,,
2306O,GAVETERO 3 CAJONES ORQUIDEA,0,,,
2306ROJO,GAVETERO 3 CAJONES ROJO,0,,,
2306ROSA,GAVETERO 3 CAJONES ROSA,0,,,
2306V,GAVETERO 3 CAJONES VERDE,0,,,
2307AM,HEXAGONO GRANDE AMARILLO,0,,,
2307AZ,HEXAGONO GRANDE AZUL,0,,,
2307AZM,HEXAGONO GRANDE AZUL MARINO,0,,,
2307F,HEXAGONO GRANDE FIUSHA,0,,,
2307N,HEXAGONO GRANDE NARANJA,0,,,
2307O,HEXAGONO GRANDE ORQUIDEA,0,,,
2307ROJO,HEXAGONO GRANDE ROJO,0,,,
2307ROSA,HEXAGONO GRANDE ROSA,0,,,
2307V,HEXAGONO GRANDE VERDE,0,,,
2308AM,HEXÁGONO MEDIANO AMARILLO,0,,,
2308AZ,HEXÁGONO MEDIANO AZUL,0,,,
2308AZM,HEXÁGONO MEDIANO AZUL MARINO,0,,,
2308F,HEXÁGONO MEDIANO FIUSHA,0,,,
2308N,HEXÁGONO MEDIANO NARANJA ,0,,,
2308O,HEXÁGONO MEDIANO ORQUIDEA,0,,,
2308ROJO,HEXÁGONO MEDIANO ROJO,0,,,
2308ROSA,HEXÁGONO MEDIANO ROSA,0,,,
2308V,HEXÁGONO MEDIANO VERDE,0,,,
2309AM,HEXÁGONO CHICO AMARILLO,0,,,
2309AZ,HEXÁGONO CHICO AZUL,0,,,
2309AZM,HEXÁGONO CHICO AZUL MARINO,0,,,
2309F,HEXÁGONO CHICO FIUSHA,0,,,
2309N,HEXÁGONO CHICO NARANJA,0,,,
2309O,HEXÁGONO CHICO ORQUIDEA,0,,,
2309ROJO,HEXÁGONO CHICO ROJO,0,,,
2309ROSA,HEXÁGONO CHICO ROSA,0,,,
2309V,HEXÁGONO CHICO VERDE,0,,,
2313AM,ALHAJERO SECRETER AMARILLO,0,,,
2313AZ,ALHAJERO SECRETER AZUL,0,,,
2313AZM,ALHAJERO SECRETER AZUL MARINO,0,,,
2313F,ALHAJERO SECRETER FIUSHA,0,,,
2313N,ALHAJERO SECRETER NARANJA,0,,,
2313O,ALHAJERO SECRETER ORQUIDEA,0,,,
2313ROJO,ALHAJERO SECRETER ROJO,0,,,
2313ROSA,ALHAJERO SECRETER ROSA,0,,,
2313V,ALHAJERO SECRETER VERDE,0,,,
2314AM,PORTA UNIPCOS C/CAJÓN AMARILLO,0,,,
2314AZ,PORTA UNIPCOS C/CAJÓN AZUL,0,,,
2314AZM,PORTA UNIPCOS C/CAJÓN AZUL MARINO,0,,,
2314F,PORTA UNIPCOS C/CAJÓN FIUSHA,0,,,
2314N,PORTA UNIPCOS C/CAJÓN NARANJA,0,,,
2314O,PORTA UNIPCOS C/CAJÓN ORQUIDEA,0,,,
2314ROJO,PORTA UNIPCOS C/CAJÓN ROJO,0,,,
2314ROSA,PORTA UNIPCOS C/CAJÓN ROSA,0,,,
2314V,PORTA UNIPCOS C/CAJÓN VERDE,0,,,
2315AM,REVISTERO AMARILLO,0,,,
2315AZ,REVISTERO AZUL ,0,,,
2315AZM,REVISTERO AZUL MARINO,0,,,
2315F,REVISTERO FIUSHA,0,,,
2315N,REVISTERO NARANJA,0,,,
2315ROJO,REVISTERO ROJO,0,,,
2315ROSA,REVISTERO ROSA,0,,,
2315V,REVISTERO VERDE,0,,,
2317AM,PORTATARJETA AMARILLO,0,,,
2317AZ,PORTATARJETA AZUL,0,,,
2317AZM,PORTATARJETA AZUL MARINO,0,,,
2317F,PORTATARJETA  FIUSHA,0,,,
2317N,PORTATARJETA NARANJA,0,,,
2317ROJO,PORTATARJETA ROJO,0,,,
2317ROSA,PORTATARJETA ROSA,0,,,
2317V,PORTATARJETA VERDE,0,,,
2318AM,PORTARETRATO AMARILLO,0,,,
2318AZ,PORTARETRATO AZUL,0,,,
2318AZM,PORTARETRATO AZUL MARINO,0,,,
2318F,PORTARETRATO FIUSHA,0,,,
2318N,PORTARETRATO NARANJA,0,,,
2318ROJO,PORTARETRATO ROJO,0,,,
2318ROSA,PORTARETRATO ROSA,0,,,
2318V,PORTARETRATO VERDE,0,,,
2319AM,CAJA LAPICERA AMARILLO,0,,,
2319AZ,CAJA LAPICERA AZUL,0,,,
2319AZM,CAJA LAPICERA AZUL MARINO,0,,,
2319F,CAJA LAPICERA FIUSHA,0,,,
2319N,CAJA LAPICERA NARANJA,0,,,
2319O,CAJA LAPICERA ORQUIDEA,0,,,
2319ROJO,CAJA LAPICERA ROJO,0,,,
2319ROSA,CAJA LAPICERA ROSA,0,,,
2319V,CAJA LAPICERA VERDE,0,,,
2320AM,CLINERA AMARILLA,0,,,
2320AZ,CLINERA AZUL,0,,,
2320AZM,CLINERA AZUL MARINO,0,,,
2320F,CLINERA  FIUSHA,0,,,
2320N,CLINERA NARANJA,0,,,
2320O,CLINERA ORQUIDEA,0,,,
2320ROJO,CLINERA ROJO,0,,,
2320ROSA,CLINERA ROSA,0,,,
2320V,CLINERA VERDE,0,,,
2323AM,ESTUCHE P/RELOJ AMARILLO,0,,,
2323AZ,ESTUCHE P/RELOJ AZUL,0,,,
2323AZM,ESTUCHE P/RELOJ AZUL MARINO,0,,,
2323F,ESTUCHE P/RELOJ FIUSHA,0,,,
2323N,ESTUCHE P/RELOJ NARANJA,0,,,
2323ROJO,ESTUCHE P/RELOJ ROJO,0,,,
2323ROSA,ESTUCHE P/RELOJ ROSA,0,,,
2323V,ESTUCHE P/RELOJ VERDE,0,,,
2324AM,ESTUCHEP/PLUMA AMARILLO,0,,,
2324AZ,ESTUCHEP/PLUMA AZUL,0,,,
2324AZM,ESTUCHEP/PLUMA AZUL MARINO,0,,,
2324F,ESTUCHEP/PLUMA FIUSHA,0,,,
2324N,ESTUCHEP/PLUMA NARANJA,0,,,
2324ROJO,ESTUCHEP/PLUMA ROJO,0,,,
2324ROSA,ESTUCHEP/PLUMA ROSA,0,,,
2324V,ESTUCHEP/PLUMA VERDE,0,,,
2326AM,JOYERO RECTANGULAR AMARILLO,0,,,
2326AZ,JOYERO RECTANGULAR AZUL,0,,,
2326AZM,JOYERO RECTANGULAR AZUL MARINO,0,,,
2326F,JOYERO RECTANGULAR FIUSHA,0,,,
2326N,JOYERO RECTANGULAR NARANJA,0,,,
2326ROJO,JOYERO RECTANGULAR ROJO,0,,,
2326ROSA,JOYERO RECTANGULAR ROSA,0,,,
2326V,JOYERO RECTANGULAR VERDE,0,,,
2327AM,OCTAGONO AMARILLO,0,,,
2327AZ,OCTAGONO AZUL,0,,,
2327AZM,OCTAGONO AZUL MARINO,0,,,
2327F,OCTAGONO FIUSHA,0,,,
2327N,OCTAGONO NARANJA,0,,,
2327ROJO,OCTAGONO ROJO,0,,,
2327ROSA,OCTAGONO ROSA,0,,,
2327V,OCTAGONO VERDE,0,,,
2328AM,PORTA CLIPS AMARILLO,0,,,
2328AZ,PORTA CLIPS AZUL,0,,,
2328AZM,PORTA CLIPS AZUL MARINO,0,,,
2328F,PORTA CLIPS FIUSHA,0,,,
2328N,PORTA CLIPS NARANJA,0,,,
2328ROJO,PORTA CLIPS ROJO,0,,,
2328ROSA,PORTA CLIPS ROSA,0,,,
2328V,PORTA CLIPS VERDE,0,,,
2401,PC ARCHIVO 80 SUPER 55 ECT,10,,,
2402,PC ARCHIVO 70 OFICIO LARGO 55 ECT,15,,,
2403,PC ARCHIVO 50 OFICIO 55 ECT,15,,,
2404,PC ARCHIVO 40 CARTA 55 ECT,15,,,
2405,PC ARCHIVO 30 MIXTO 55 ECT,15,,,
2406,PC ARCHIVO 20 1/2 CARTA LARGO 44 ECT,15,,,
2407,PC ARCHIVO 10 1/2 CARTA 44 ECT,15,,,
2409,PC ARCHIVO 60 CARTA LARGA 55 ECT,15,,,
2410,PC ARCHIVO 55 ARCHIVO CARPETA 55 ECT,10,,,
2413,PC ARCHIVO 40 BLANCA ALTA 44 ECT,10,,,
2501,DC ARCHIVO 70 OFICIO LARGA ECONÓMICA 40 ECT,15,,,
2502,DC ARCHIVO 60 CARTA LARGA ECONÓMICA 40 ECT,15,,,
2503,DC ARCHIVO 50 OFICIO ECONÓMICA 40 ECT,15,,,
2504,DC ARCHIVO 40 CARTA ECONÓMICA 40 ECT,15,,,
2505,DC ARCHIVO 30 ARCHIVO MIXTA ECONÓMICA 40 ECT,15,,,
2506,DC ARCHIVO 55 ARCHIVO CARPETA 40 ECT,10,,,
2602,ECO 40 ARCHIVO CARTA 26 ECT,15,,,
2603,ECO 50 ARCHIVO OFICIO 26 ECT,15,,,
2804,ARCHIDIARIO 44 ECT,5,,,
2900,SOBRE JIFFYLITE # 0,10,,,
2901,SOBRE JIFFYLITE # 1,10,,,
2902,SOBRE JIFFYLITE # 2,10,,,
2903,SOBRE JIFFYLITE # 4,10,,,
2904,SOBRE JIFFYLITE # 5,10,,,
2905,SOBRE JIFFYLITE # 7,10,,,
2906,SOBRE JIFFYLITE # 000,10,,,
2907,SOBRE MANILA T/CARTA,25,,,
2908,SOBRE MANILA T/OFICIO,25,,,
3103,ARCHIGAVETA OFICIO LARGO 44 ECT,3,,,
3203,ARCHIVA OFICIO CORR. BOND 44 ECT,15,,,
3204,ARCHIVA CARTA CORR. BOND  44 ECT,15,,,
3401,MALETIN MICRO BLANCO,10,,,
3402,MALETIN BLANCO CORRUGADO 44 ECT,10,,,
3404,SOBRE ECOLÓGICO CARTA 44 ECT,15,,,
3405,SOBRE ECOLÓGICO T/OFICIO 44 ECT,15,,,
3501,REVIARCHIVO GRANDE 29 ECT,15,,,
3502,REVIARCHIVO CHICO 26 ECT,15,,,
3503T,REVISTERO CHICO TURQUESA,10,,,
3503V,REVISTERO CHICO VINTAGE ,10,,,
3206,ARCHIVA GOB 1 44 ECT,10,,,
3601,ARCHIVA GOB 1 ECONOMICA 29 ECT,10,,,
3602,ARCHIVA GOB 2 44 ECT,10,,,
3701,TUBO PORTAPLANO ,5,,,
3702,TUBO PORTAPLANO ,5,,,
3703,TUBO PORTAPLANO ,5,,,
3704,TUBO PORTAPLANO ,5,,,
3705,TUBO PORTAPLANO ,5,,,
3801,TARJETERO GRANDE 44 ECT,15,,,
3802,TARJETERO MEDIANO 44 ECT,15,,,
3803,TARJETERO CHICO 44 ECT,15,,,
3912,CARPETA C/HERRAJE DE ARGOLLA 3/4 CARTA KRAFT,2,,,
3913,"CARPETA C/HERRAJE DE ARGOLLA 1"" CARTA KRAFT",0,,,
3914,"CARPETA C/HERRAJE DE ARGOLLA 2"" CARTA KRAFT",2,,,
3915,"CARPETA C/HERRAJE DE ARGOLLA 3"" CARTA KRAFT",2,,,
3916,FOLDER CARTA KRAFT ,25,,,
3917,FOLDER OFICIO KRAFT ,25,,,
3922,DISPENSER UNIPECOS KRAFT,0,,,
3924,LAPICERO CON DIVISIONES KRAFT,2,,,
3925,PORTATARJETAS KRAFT,2,,,
3926,SOBRE TIPO BOLSA CARTA KRAFT ,25,,,
3927,SOBRE TIPO BOLSA OFICIO KRAFT ,25,,,
3932,LIBRETA FORMA FRANCESA KRAFT,2,,,
3933,LIBRETA 1/4 DE CARTA KRAFT,2,,,
3935,PLUMA ECOLOGICA DE PAPEL RECICLADO KRAFT ,5,,,
3941,ARCHIVA CARTA ECOLOGICA 29 ECT,25,,,
3942,ARCHIVA OFICIO ECOLOGICA 29 ECT,0,,,
3943,REVIARCHIVO GRANDE ECOLOGICO 29 ECT,25,,,
3944,ARCHIVA GOB 1 ECOLOGICA,0,,,
3945,PORTARETRATO KRAFT,2,,,
3946,SOBRE TIPO BOLSA KRAFT 1/2 CARTA ,25,,,
4002,POLIPACK 1/8 X 105,105,,,
4004,BURBUJA DE AIRE CHICA 3/16 (120 mts),120,,,
4005,BURBUJA DE AIRE GDE 1/2 (60 mts),60,,,
4101,BOLSA DE BIOFILL,12,,,
4201,CARTÓN CORRUG KRAFT SINGLE FACE 2.00XMts,0,,,
4200,CARTON CORRUG KRAFT SINGLE FACE 2.00xKg,102,,,
4202,CARTON MICROCORRUGADO KRAFT SINGLE FACE,100,,,
4203,MICROCORRUGADO COLOR,0,,,
4207,LAMINA DE CORRUGADO 29 ECT,15,,,
4208,LAMINA DE CORRUGADO 29 ECT,15,,,
4209,LAMINA DOBLE CORRUGADO,0,,,
4211B,LAMINA MICRO BOND .80X1.60,0,,,
4211K,LAMINA MICRO KRAFT .80X1.60,10,,,
4212B,LÁMINA MICRO BOND 60X90,0,,,
4212K,LÁMINA MICRO KRAFT 60X90,10,,,
4213,LÁMINA CAPLE,0,,,
4214,LAMINA DE PLASTICO BLANCA MED.1.22X1.22,0,,,
4215,LAMINA DE PLASTICO NEGRA MED.1.40X1.22,0,,,
4217,SEPARADOR P/12 BOTELLAS 29 ECT,10,,,
4223,CARTÓN CORRUG KRAFT SINGLE FACE 1.60XMts,0,,,
4224,CARTON CORRUG KRAFT SINGLE FACE 1.60xKg,0,,,
4301,ROLLO PAPELKRAFT (PRECIO X KILO),30,,,
4302,ROLLO PAPELKRAFT(PRECIO X KILO),25,,,
4303,ROLLO PAPELKRAFT(PRECIO X KILO),30,,,
4304,ROLLO PAPELKRAFT(PRECIO X KILO),25,,,
4305,PAPELKRAFT 1.25 X METRO (180 MTS APROX),0,,,
4401C,CINTA PLASTICA CHICA 48X50 CANELA,6,,,
4401T,CINTA PLASTICA CHICA 48X50 TRANSPARENTE,6,,,
4402C,CINTA PLASTICA MEDIANA 48X100 CANELA,6,,,
4402T,CINTA PLASTICA MEDIANA 48X100 TRANSPARENTE,6,,,
4403C,CINTA PLASTICA GDE. 48X150 CANELA,6,,,
4403T,CINTA PLASTICA GDE. 48X150 TRANSPARENTE,6,,,
4404,"DESPACHADOR DE CINTA 2""",3,,,
4405,"ENGOMADO 3""",5,,,
4406,"ENGOMADO 2.5""",5,,,
4407,"ENGOMADO 2""",5,,,
4408,"ENGOMADO 1""",5,,,
4412,CINTA IMPRESA FRAGIL ,5,,,
4502,BOLSA CON SELLOS DE 1/2(500APROX),2,,,
4503,FLEJADORA,2,,,
4504,PINZAS PARA FLEJAR,2,,,
4507,FLEJE 1/2 NEGRO PRECIO X KILO,20.8,,,
4601,CUTTER GRANDE ,10,,,
4603,CUTTER CHICO,10,,,
4604,MARCADOR DE ACEITE,10,,,
4605,SILICATO DE SODIO GALÓN,2,,,
4606,BOLA RAFIA 1 KG APROX,4,,,
4609,ROLLO DE BLISTER 18¨X1200 PIES,3,,,
4612A,ETIQUETA ARRIBA,0,,,
4612C,ETIQUETA COPA,0,,,
4612F,ETIQUETA FRAGIL,0,,,
4612HM,ETIQUETA HECHO EN MEXICO,0,,,
4612P,ETIQUETA PARAGUAS,0,,,
4613,ESQUINEROS,25,,,
4615,BOLA PAPEL ARROZ ,1,,,
4618,ETIQUETA REMITENTE-DESTINATARIO (JGO),0,,,
4619,CINTA MASKING TAPE ,0,,,
4620,CINTA MASKING TAPE ,6,,,
4625,"BLISTER 5"" X 1500 PIES CALIBRE 80",4,,,
4702,LE E7 ESTANTERA 44 ECT ,10,,,
4703,LE E6 ESTANTERA 44 ECT,10,,,
4704,LE E5 ESTANTERA 44 ECT,10,,,
4705,LE E4 ESTANTERA 44 ECT,10,,,
4706,LE E3 ESTANTERA 44 ECT,15,,,
4707,LE E2 ESTANTERA 44 ECT,15,,,
4708,LE E01 ESTANTERA 44 ECT,15,,,
4709,LE E3 ESTANTERA ECONÓMICA 29 ECT,10,,,
4710,ORDENADOR DE CAJONES 44 ECT,15,,,
4801,CZ 06 SEIS PARES 23 ECT,15,,,
4802,CZ 12 DOCE PARES 23 ECT,15,,,
4803,CZ 18 DIESCIOCHO PARES 23 ECT,15,,,
4804,CZ 24 VEINTICUATRO PARES 23 ECT,15,,,
4805,CZ 36 TREINTA Y SEIS PARES 23 ECT,15,,,
4806,CZ 48 CUARENTA Y OCHO PARES 23 ECT,15,,,
4807,CAJA BOTA GRANDE 29 ECT,25,,,
4808,CAJA BOTA CHICA 29 ECT,25,,,
4810,CAJA ZAPATO GDE MICRO,25,,,
4811,CAJA ZAPATO CHICA MICRO,25,,,
4900,CR 98 CAJA REG DC,10,,,
4901,CR 90 CAJA REG 40 ECT,10,,,
4902,CR 85 CAJA REG 32 ECT,15,,,
4902SG,CR 85 CAJA REG SG,15,,,
4903,CR 80CAJA REG 29 ECT,15,,,
4904,CR 70 CAJA REG  29 ECT,15,,,
4904SG,CR 70 CAJA REG SG,15,,,
4905SG,CR 60 CAJA REG SG,15,,,
4906,CR 50 CAJA REG 29 ECT,15,,,
4906SG,CR 50 CAJA REG SG ,15,,,
4907,CR 75DC CAJA REG 42 ECT,10,,,
4908,CR 45 CAJA REG 29 ECT,15,,,
4908SG,CR 45 CAJA REG SG,15,,,
4909,CR 40 CAJA REG 29 ECT,15,,,
4909SG,CR 40 CAJA REG SG,15,,,
4910,CR 30 CAJA REG 26ECT,25,,,
4910SG,CR 30 CAJA REG SG,25,,,
4911,CR 30N CAJA REG NAVIDEÑA 26 ECT,10,,,
4912,CR 20 CAJA REG 26 ECT,25,,,
4912SG,CR 20 CAJA REG SG,25,,,
4913,CR 15 CAJA REG 26 ECT,25,,,
4914,CR 10 CAJA REG 26 ECT,25,,,
4914SG,CR 10 CAJA REG SG,25,,,
4915,CR 03 CAJA REG 26 ECT,25,,,
4916,CR 01 CAJA REG 26 ECT,25,,,
4917,CR 02 CAJA REG 26 ECT,0,,,
4918,CR 75 CAJA REG 32 ECT,10,,,
4919,CR 05 CAJA REG 26 ECT,25,,,
4920,CR 08 CAJA REG 26 ECT,25,,,
4921,CR 04 CAJA REG 26 ECT,25,,,
4922,CR CUBO CAJA REG  29 ECT,10,,,
4923,CR 50 DC CAJA REG 42 ECT,10,,,
4924,CR 09 CAJA REG 26 ECT,25,,,
4925,CR 25 CAJA REG 26 ECT,15,,,
4925SG,CR 25 CAJA REG SG,15,,,
4926,CR 35 CAJA REG 26 ECT,15,,,
4927,GOBIERNO CHICO 26 ECT,25,,,
4928,GOBIERNO GRANDE 29 ECT,25,,,
4929,GOBIERNO SUPER 29 ECT,15,,,
4930,SERFIN 29 ECT,15,,,
4930SG,SERFIN SG,15,,,
4931,PASTELERA KRAFT ECO. 29 ECT,25,,,
4932,CR 63 CAJA REG 29ECT,15,,,
4934,CR 85 DC 42 ECT,10,,,
4935,GOBIERNO CHICO NAVIDEÑA 26 ECT,0,,,
4936,CR-12 CAJA REGULAR  29 ECT,25,,,
5003,CR 57 CAJA REG 23 ECT,10,,,
5020,CAJA PARA CORONA 29 ECT,10,,,
5021,CAJA PARA ÁRBOL DE NAVIDAD 29 ECT,0,,,
5023,CAJA P/CORONA  29 ECT,10,,,
5101,ER 00   CAJA REGALO 14  PTS.,100,,,
5102,ER 01   CAJA REGALO 14  PTS.,100,,,
5103,ER 02   CAJA REGALO 14  PTS.,100,,,
5104,ER 03   CAJA REGALO 14  PTS.,100,,,
5105,ER 04   CAJA REGALO 14  PTS.,100,,,
5106,ER 04E CAJA REGALO 14 PTS.,100,,,
5108,ER 05 CAJA REGALO 14 PTS.,100,,,
5109,ER 05V CAJA REGALO C/ VENTANA 14 PTS.,100,,,
5110,ER 06   CAJA REGALO 14 PTS.,100,,,
5111,ER 06 HAPPY BIRTHDAY,25,,,
5111B,ER 06 BESOS,25,,,
5111L,ER 06 LOVE,25,,,
5112A,ER 06 BEBE AZUL,25,,,
5112JR,ER-06 NIÑA JIRAFA,25,,,
5112JV,ER-06 NIÑO JIRAFA,25,,,
5112O,ER-06 OSO BEBE NEW BABY,25,,,
5112R,ER 06 BEBE ROSA,25,,,
5113,ER 6V   CAJA REGALO C/VENTANA 14 PTS.,100,,,
5114A,ER 06 AZUL,25,,,
5114R,ER 06 ROJO,25,,,
5114V,ER 06 VERDE,25,,,
5115,ER 07   CAJA REGALO 14 PTS.,100,,,
5116,ER 08   CAJA REGALO 14 PTS.,100,,,
5117,ER 09   CAJA REGALO 14 PTS.,100,,,
5118A,ER-09 AZUL,50,,,
5118D,ER-09 DORADO,50,,,
5118P,ER-09 PLATA,50,,,
5118R,ER-09 ROJO,50,,,
5118V,ER-09 VERDE,50,,,
5119,ER 10   CAJA REGALO 14 PTS.,100,,,
5120,ER 11   CAJA REGALO 14 PTS.,0,,,
5121A,ER 11 COLOR AZUL,25,,,
5121R,ER-11 COLOR ROJO,25,,,
5121V,ER 11 COLOR VERDE,25,,,
5122,ER 11E  CAJA REGALO 14 PTS.,200,,,
5122EA,ER-11E ELEFANTE AZUL,25,,,
5122ER,ER-11E ELEFANTE ROSA,25,,,
5123,ER 12    CAJA REGALO 14 PTS.,100,,,
5124,ER 13    CAJA REGALO 14 PTS.,100,,,
5125A,ER 13 COLOR AZUL,25,,,
5125R,ER 13 COLOR ROJO MED.36X23X5.5,25,,,
5125V,ER 13 COLOR VERDE,25,,,
5126,ER 14      CAJA REGALO   ,100,,,
5127,ER 14V    CAJA REGALO C/VENTANA  ,100,,,
5128,ER 15      CAJA REGALO 14 PTS.,100,,,
5129A,ER 15 AZUL,25,,,
5129R,ER 15 ROJO,25,,,
5129V,ER 15 VERDE,25,,,
5130,ER 16      CAJA REGALO 14 PTS.,100,,,
5131,ER 17      CAJA REGALO 14 PTS.,100,,,
5132,ER 18      CAJA REGALO 14 PTS.,50,,,
5133,CAJA JOYERIA ESPECIAL,100,,,
5134AF,JOYERIA ESPECIAL COLOR AZUL FUERTE,25,,,
5134D,JOYERIA ESPECIAL COLOR DORADO,25,,,
5134P,JOYERIA ESPECIAL COLOR PLATA,25,,,
5134R,JOYERIA ESPECIAL COLOR ROJO ,25,,,
5134V,JOYERIA ESPECIAL COLOR VERDE,25,,,
5135AC,CAJA BOLITOS AZUL CIELO,25,,,
5135AF,CAJA BOLITOS AZUL FUERTE,25,,,
5135AM,CAJA BOLITOS AMARILLO,25,,,
5135AZT,CAJA BOLITOS AZUL TURQUESA,25,,,
5135BCO,CAJA BOLITOS BLANCO,25,,,
5135BGE,CAJA BOLITOS BEIGE,25,,,
5135CH,CAJA BOLITOS COLOR CHOCOLATE,25,,,
5135D,CAJA BOLITOS DORADO,25,,,
5135K,CAJA BOLITOS KRAFT,25,,,
5135L,CAJA BOLITOS LILA,25,,,
5135M,CAJA BOLITOS MORADO,25,,,
5135N,CAJA BOLITOS NEGRO,25,,,
5135P,CAJA BOLITOS PLATA,25,,,
5135R,CAJA BOLITOS ROJO,25,,,
5135RF,CAJA BOLITOS ROSA FIUSHA,25,,,
5135RP,CAJA BOLITOS ROSA PASTEL,25,,,
5135T,CAJA BOLITOS TIFFANY,25,,,
5135V,CAJA BOLITOS VERDE ,25,,,
5136,ER 19     CAJA REGALO 14 PTS ,50,,,
5137,CAJA PARA RELOJ  14 PTS.,100,,,
5138,CAJA JOYERIA ,100,,,
D5139AC,CAJA MUÑECA GRANDE AZUL CLARO,0,,,
5139AM,CAJA MUÑECA GRANDE AMARILLA,15,,,
5139AR,CAJA MUÑECA GRANDE AZUL REY,15,,,
5139L,CAJA MUÑECA GRANDE LILA,15,,,
5139N,CAJA MUÑECA GRANDENARANJA,15,,,
5139RF,CAJA MUÑECA GRANDE ROSA FIUSHA,15,,,
5139ROJO,CAJA MUÑECA GRANDE ROJO,15,,,
5139VF,CAJA MUÑECA GRANDE VERDE FUERTE,15,,,
5139VL,CAJA MUÑECA GRANDE VERDE LIMON,15,,,
5140AM,CAJA MUÑECA CHICA AMARILLO,15,,,
5140AR,CAJA MUÑECA CHICA AZUL REY,0,,,
5140BCA,CAJA MUÑECA CHICA BLANCA,15,,,
5140CH,CAJA MUÑECA CHICA COLOR CHOCOLATE,15,,,
5140L,CAJA MUÑECA CHICA LILA,15,,,
5140N,CAJA MUÑECA CHICA NARANJA,15,,,
5140R,CAJA MUÑECA CHICA ROJA,0,,,
5140RF,CAJA MUÑECA CHICA ROSA FIUSHA,15,,,
5140VF,CAJA MUÑECA CHICA VERDE FUERTE,15,,,
5141AM,CAJA MUÑECA MEDIANA AMARILLA,15,,,
5141AR,CAJA MUÑECA MEDIANA AZUL REY,15,,,
5141CH,CAJA MUÑECA MEDIANA CHOCOLATE,0,,,
5141L,CAJA MUÑECA MEDIANA LILA,15,,,
5141N,CAJA MUÑECA MEDIANA NARANJA,15,,,
5141ROJA,CAJA MUÑECA MEDIANA ROJA,15,,,
5141RF,CAJA MUÑECA MEDIANA ROSA FIUSHA,0,,,
5141VF,CAJA MUÑECA MEDIANA VERDE FUERTE ,15,,,
5141VL,CAJA MUÑECA MEDIANA VERDE LIMON,15,,,
5142,CAJA CAMIONCITO,25,,,
5143AC,CAJA MUÑECA MINI AZUL CLARO,25,,,
5143AM,CAJA MUÑECA MINI AMARILLA,25,,,
5143AR,CAJA MUÑECA MINI AZUL REY,25,,,
5143BCA,CAJA MUÑECA MINI BLANCA,25,,,
5143CH,CAJA MUÑECA MINI COLOR CHOCOLATE,25,,,
5143L,CAJA MUÑECA MINI LILA,25,,,
5143N,CAJA MUÑECA MINI NARANJA,25,,,
5143ROJA,CAJA MUÑECA MINI ROJA,25,,,
5143RF,CAJA MUÑECA MINI ROSA FIUSHA,25,,,
5143VC,CAJA MUÑECA MINI VERDE CLARO,25,,,
5143VF,CAJA MUÑECA MINI VERDE FUERTE,25,,,
5144M,ALCANCIA MURCIELAGO,0,,,
5144P,ALCANCIA PUERQUITO MEDIDA 10X10X13,25,,,
5144POLLO,ALCANCIA POLLITO,25,,,
5144T,ALCANCIA TORTUGA MEDIDA 10X10X13,25,,,
5144V,ALCANCIA VACA,25,,,
D5145,CAJA PINGÜINO ,0,,,
5147,CAJA PARA PALOMITA MINI KRAFT,100,,,
5148,CAJA P/TARJETA PRESENTACIÓN ,100,,,
5149A,CUBO MINI AZUL,25,,,
5149AM,CUBO MINI AMARILLO,25,,,
5149R,CUBO MINI ROJO ,25,,,
5149V,CUBO MINI VERDE,25,,,
5150A,LONCHERA COLOR AZUL,25,,,
5150AM,LONCHERA COLOR AMARILLA,25,,,
5150C,LONCHERA ZEBRA,25,,,
5150K,LONCHERA COLOR KRAFT,25,,,
5150LUNARNGO,LONCHERA LUNARES NEGRA,25,,,
5150LUNARROJO,LONCHERA LUNARES ROJO,25,,,
5150LUNARROSA,LONCHERA LUNARES ROSA,25,,,
5150M,LONCHERA COLOR MORADA,25,,,
5150N,LONCHERA COLOR NARANJA,25,,,
5150NGO,LONCHERA COLOR NEGRO,25,,,
5150RA,LONCHERA RAYAS,25,,,
5150ROJA,LONCHERA COLOR ROJA,25,,,
5150ROSA,LONCHERA COLOR ROSA,25,,,
5150V,LONCHERA COLOR VERDE,25,,,
5151,CAJA PARA CD CAPLE,100,,,
5153,CAJA P/PERFUME,100,,,
5154,CAJA PALOMITAS CHICA ,50,,,
5155A,ER-13 BEBE AZUL,25,,,
5155R,ER-13 BEBE ROSA,25,,,
5156,CASITA CAPLE BLANCA,25,,,
5157,CAJA CIRCO,100,,,
5159,CAJA PARA CORBATA,100,,,
5160OSO,BOLO OSITO,0,,,
5160P,BOLO PAYASO,0,,,
5161B,CUBO MINI CAPLE BOND,50,,,
5161K,CUBO MINI CAPLE KRAFT,50,,,
5162,HEXAGONO CAPLE KRAFT,50,,,
5163,FUNDA CD CAPLE KRAFT,100,,,
5164B,ALMOHADA MINI CAPLE BLANCO,50,,,
5164K,ALMOHADA MINI CAPLE KRAFT,50,,,
5165B,CAJA PARA DULCES TAPA INTEGRADA BLANCA,50,,,
5165K,CAJA PARA DULCES TAPA INTEGRADA KRAFT,50,,,
5166B,DULCERA CHICA CAPLE BLANCA,50,,,
5166K,DULCERA CHICA CAPLE KRAFT,50,,,
5167,MUÑECA MICRO CAPLE KRAFT,100,,,
5168B,CAJA SORPRESA CAPLE BLANCO,50,,,
5168K,CAJA SORPRESA CAPLE KRAFT,50,,,
5169B,ALMOHADA CHICA Y/O MEDIANA CAPLE BLANCO,50,,,
5169K,ALMOHADA CHICA Y/O MEDIANA CAPLE KRAFT,50,,,
5175,CAJA MUÑECA MINI 14 FEB,0,,,
5176,CAJA MUÑECA CH 14 FEB,15,,,
5177,CAJA MUÑECA MED 14 FEB,0,,,
5178,CAJA MUÑECA GDE 14 FEB,15,,,
5180LA,BOLSA EUROPA CHICA LOVE AZUL,10,,,
5180ROS,BOLSA EUROPA CHICA LOVE ROSA,10,,,
5181A,BOLSA EUROPA MEDIANA LOVE KRAFT AZUL,10,,,
5181R,BOLSA EUROPA MEDIANA LOVE KRAFT ROSA,10,,,
5182P,BOLSA EUROPA  GRANDE PARIS,10,,,
5182PTS,BOLSA EUROPA GRANDE PUNTOS EN MEDIDA 40X13X46.5,10,,,
5183L,PELUCHERA CH LOVE LETRAS COLOR,10,,,
5184,PELUCHERA MEDIANA KRAFT LOVE LETRAS VERDE,10,,,
D5185,PELUCHERA CAPLE 14 DE FEB GRANDE,0,,,
5187,PORTA RETRATO 14 FEB,0,,,
5188KA,LONCHERA MINI LOVE KRAFT AZUL,50,,,
5188KR,LONCHERA MINI LOVE KRAFT ROSA,50,,,
5191,CAJA PARA PALOMITAS GRANDE POPCORN,10,,,
5192,CAJA PARA PALOMITAS MEDIANA POPCORN,10,,,
5193PC,CAJA PARA PALOMITAS CHICA POP CORN,10,,,
5193R,CAJA PARA PALOMITAS CHICA RETRO,10,,,
5193Z,CAJA PARA PALOMITAS CHICA ZIG ZAG,10,,,
5196,CAJA TRENECITO CAPLE,25,,,
5197A,CUBO TURQUESA AZUL CON PLATA,10,,,
5197B,CUBO TURQUESA BE MINE,10,,,
5197R,CUBO TURQUESA ROJO CON PLATA,10,,,
5198,CUBO CHOCOLATE ,10,,,
5200,CAJA LUNARES SORPRESA,0,,,
5201,BOLSA CHICA SULFATADA ,25,,,
5202,BOLSA MEDIANA SULFATADA ,25,,,
5203,BOLSA GRANDE SULFATADA ,25,,,
5204,BOLSA SULFATADA MINI,50,,,
5205,CAMION BOMBERO,25,,,
5209A,HEXAGONO SULFATADO AZUL,25,,,
5209B,HEXAGONO SULFATADO BLANCO,25,,,
5209L,HEXAGONO SULFATADO LILA,25,,,
5209ROJO,HEXAGONO SULFATADO ROJO,25,,,
5209ROSA,HEXAGONO SULFATADO ROSA,25,,,
5209V,HEXAGONO SULFATADO VERDE,25,,,
5210AC,CAJA MUÑECA MIKRO SULFATADA AZUL CLARO ,25,,,
5210AT,CAJA MUÑECA MIKRO SULFATADA AZUL TURQUESA,25,,,
5210BCO,CAJA MUÑECA MIKRO SULFATADA BLANCO,25,,,
5210BGE,CAJA MUÑECA MIKRO SULFATADA BEIGE,25,,,
5210CHO,CAJA MUÑECA MIKRO SULFATADA CHOCOLATE,25,,,
5210D,CAJA MUÑECA MICRO SULFATADA DORADA,25,,,
5210L,CAJA MUÑECA MIKRO SULFATADA LILA,25,,,
5210M,CAJA MUÑECA MIKRO SULFATADA MORADA,25,,,
5210NGO,CAJA MUÑECA MIKRO SULFATADA NEGRA,25,,,
5210P,CAJA MUÑECA MIKRO SULFATADA PLATA,25,,,
5210R,CAJA MUÑECA MIKRO SULFATADA ROJO,25,,,
5210RC,CAJA MUÑECA MIKRO SULFATADA ROSA CLARO,25,,,
5210RF,CAJA MUÑECA MIKRO SULFATADA ROSA FIUSHA,25,,,
5210V,CAJA MUÑECA MIKRO SULFATADA VERDE,25,,,
5253,ALMOHADA TIPO BOLSA PAPÁ,10,,,
5253N,ALMOHADA TIPO BOLSA NAUTICA,10,,,
5254,LONCHERA GRANDE PAPÁ KRAFT,10,,,
5254K,LONCHERA GRANDE CUMPLE KRAFT,10,,,
5255,ER 06 MAMA CAPLE KRAFT,10,,,
5256,LONCHERA GRANDE MAMA KRAFT,10,,,
5257,ALMOHADA TIPO BOLSA MAMA KRAFT,10,,,
5258,CAJA YOURS TIPO SOBRE GRANDE,10,,,
5259K,DULCERA CORAZON KRAFT,25,,,
5259R,DULCERA CORAZON ROJA,25,,,
D5260A,CUBO CONTRAENCOLADO COLOR LISO AZUL 9X9X9,0,,,
D5260R,CUBO CONTRAENCOLADO COLOR LISO ROJO 9X9X9,0,,,
D5260V,CUBO CONTRAENCOLADO COLOR LISO VERDE 9X9X9,0,,,
D5261A,CUBO CONTRAENCOLADO COLOR LISO AZUL 20X20X20,0,,,
D5261R,CUBO CONTRAENCOLADO COLOR LISO ROJO 20X20X20,0,,,
D5261V,CUBO CONTRAENCOLADO COLOR LISO VERDE 20X20X20,0,,,
D5262A,CUBO CONTRAENCOLADO COLOR LISO AZUL 30X30X30,0,,,
D5262R,CUBO CONTRAENCOLADO COLOR LISO ROJO 30X30X30,0,,,
D5262V,CUBO CONTRAENCOLADO COLOR LISO VERDE 30X30X30,0,,,
D5263A,CUBO CONTRAENCOLADO COLOR LISO AZUL 40X40X40,0,,,
D5263R,CUBO CONTRAENCOLADO COLOR LISO ROJO 40X40X40,0,,,
D5263V,CUBO CONTRAENCOLADO COLOR LISO VERDE 40X40X40,0,,,
5264,CAJA VIZCAINO BABY GIRL,0,,,
5265,CAJA VIZCAINO BABY BOY,15,,,
5266A,LONCHERA BE MINE AZUL,15,,,
5266R,LONCHERA BE MINE ROSA,15,,,
5267,CUBO TU,25,,,
5269,ALMOHADA CORAZON,15,,,
5269K,ALMOHADA KRAFT TE AMO,15,,,
5270,CAJA VIZCAINO DUDE,15,,,
5272,ER 06 YOU & ME,15,,,
5273A,CAJA MULTIUSOS TRUE LOVE AZUL,15,,,
5273R,CAJA MULTIUSOS TRUE LOVE ROSA,15,,,
5274,CAJA VIZCAINO KEEP CALM,15,,,
5275AM,CONTENEDOR AMARILLO,25,,,
5275AZ,CONTENEDOR AZUL,25,,,
5275BCO,CONTENEDOR BLANCO,25,,,
5275K,CONTENEDOR KRAFT,25,,,
5275M,CONTENEDOR MORADO,25,,,
5275N,CONTENEDOR NARANJA,25,,,
5275NGO,CONTENEDOR NEGRO,25,,,
5275ROJO,CONTENEDOR ROJO,25,,,
5275ROSA,CONTENEDOR ROSA,25,,,
5275V,CONTENEDOR VERDE,25,,,
5276HB,CAJA VIZCAINO HAPPY BIRTHDAY,15,,,
5277,CAJA LUNARES CON CORAZON,15,,,
5278,CAJA TIPO FRACK,50,,,
5279,CAJA TIPO VESTIDO DE NOVIA,50,,,
5280,BOLSA FRANKY,0,,,
5281,CAJA I LOVE YOU,15,,,
5283,CAJA EMPAQUE CORAZON CHICA 26 ECT,10,,,
5284,CAJA EMPAQUE CORAZON MEDIANA 26 ECT,10,,,
5285,CAJA EMPAQUE CORAZON GRANDE 26 ECT,10,,,
5286,CUBO SURPRISE,15,,,
5287L,CAJA MUÑECA  LOVE KRAFT,25,,,
5287ROJA,CAJA MUÑECA RAYAS ROJA 18X15.5X1018X15.5X10,25,,,
5287ROSA,CAJA MUÑECA RAYAS ROSA 18X15.5X10,25,,,
5288ABC,CAJA HAPPY DAY ABC 13.5X13.5X28,10,,,
5288HD,CAJA HAPPY DAY  13.5X13.5X28,10,,,
5288SK,CAJA HAPPY DAY SURPRISE KRAFT,10,,,
5289,ALCANCIA FANTASMA ,0,,,
5290C,LONCHERA CALABAZA,0,,,
5290V,LONCHERA VAMPIRO,0,,,
5291,CAJA VIZCAINO LOVE,15,,,
5292,LONCHERA SIEMPRE TU,15,,,
5293,CAJA YOURS TIPO SOBRE CHICO,10,,,
5294N,CAJA CORAZON NEGRO,15,,,
5294R,CAJA CORAZON ROJO,15,,,
5296,MUÑECA MINI LOVE,25,,,
5297,CUBO KRAFT CORAZON,25,,,
5301,PASTELERA SUPER,50,,,
5302,PASTELERAGRANDE,50,,,
5303,PASTELERA MEDIANA,100,,,
5304,PASTELERA CHICA ,100,,,
5306,PASTELERA CHICA ALTA,100,,,
5307,CHAROLA DON BOSCO,50,,,
5308,CAJA TIPO MOKA,50,,,
5309,PASTELERA ESPECIAL MINI,100,,,
5311,CAJA PARA PAPA GRANDE,100,,,
5312,CAJA PARA PAPA CHICA,100,,,
5313,CAJA T/AMOHADA PARA PAY ,100,,,
5314,CAJA PARA HAMBURGUESA,100,,,
5315,CHAROLA PARA REBANADA DE PIZZA,100,,,
5316,CAJA PARA REBANADA DE PIZZA,100,,,
5317,CAJA PARA SANDWICH,100,,,
5318,CHAROLA PARA HOT DOG,100,,,
5319B,CONO PARA CREPA BOND,100,,,
5319K,CONO PARA CREPA KRAFT,100,,,
5320,CAJA PARA 4 CUP CAKE CON TAMBOR C/VENT,25,,,
5321,CAJA PARA 9 CUP CAKE CON TAMBOR C/VENT,25,,,
5322,CAJA PARA 6 CUP CAKE CON TAMBOR C/VENT,25,,,
5323,CAJA PARA 12 CUP CAKE CON TAMBOR C/VENT,25,,,
5324,CAJA PARA 1 CUP CAKE CON TAMBOR C/VENT,25,,,
5325,CAJA PARA 2 CUP CAKE CON TAMBOR C/VENT,25,,,
5326A,CAJA PARA 1 CUP CAKE  AZUL C/VENTANA DE ACETATO,25,,,
5326CH,CAJA PARA 1 CUP CAKE CHOCOLATE C/VENTANA DE ACETATO,25,,,
5326R,CAJA PARA 1 CUP CAKE FIUSHA C/VENTANA DE ACETATO,17,,,
5326VL,CAJA PARA 1 CUP CAKE VERDE LIMON C/VENTANA DE ACETATO,0,,,
5402,LONCHERA MEX BOX  KRAFT 29 ECT,15,,,
5403,LONCHERA SUPER ,100,,,
5404,LONCHERA GRANDE MED.21.5X13X14,100,,,
5405,LONCHERA MEDIANA,100,,,
5406,LONCHERA CHICA ,100,,,
5407,LONCHERA GRANDE KRAFT IMPRESA,25,,,
5408B,LONCHERA BLANCA CON VENTANA OVALADA C/ACETATO ,25,,,
5408K,LONCHERA KRAFT CON VENTANA OVALADA C/ACETATO ,25,,,
5410AC,"DULCERA GRANDE AZUL CLARO_x000D_
",25,,,
5410AF,DULCERA GRANDE AZUL REY,25,,,
5410AM,DULCERA GRANDE AMARILLA 22PTS MED.19.9X11X8.5,25,,,
D5410M,DULCERA GRANDE MORADO,0,,,
5410N,DULCERA GRANDE NARANJA,25,,,
5410R,DULCERA GRANDE ROJA,25,,,
D5410RL,DULCERA GRANDE ROJA LISA,0,,,
5410ROSA,DULCERA GRANDE ROSA,25,,,
5410VF,DULCERA GRANDE VERDE FUERTE,25,,,
5410VL,DULCERA GRANDE VERDE LIMON,25,,,
5411AC,DULCERA CHICA AZUL CLARO,25,,,
5411AF,DULCERA CHICA AZUL REY 18PTS MED.10.5X8.5X7,25,,,
5411AM,DULCERA CHICA AMARILLA,25,,,
5411N,DULCERA CHICA NARANJA,25,,,
5411ROJO,DULCERA CHICA ROJO,25,,,
5411ROSA,DULCERA CHICA ROSA,25,,,
5411VF,DULCERA CHICA VERDE FUERTE,25,,,
5411VL,DULCERA CHICA VERDE LIMON,25,,,
5412A,DULCERA CHICA LUNARES AZUL,25,,,
5412R,DULCERA CHICA LUNARES ROSA,25,,,
5413A,DULCERA LISA COLOR AZUL,25,,,
D5413AM,DULCERA LISA COLOR AMARILLA,0,,,
5413C,DULCERA CONEJO,25,,,
D5413D,DULCERA LISA COLOR DORADA,0,,,
5413H,DULCERA HALLOWEEN,25,,,
5413L,DULCERA LAPICES,25,,,
5413M,DULCERA LISA COLOR MORADA,25,,,
D5413NA,DULCERA NIÑO AZUL,0,,,
D5413NR,DULCERA NIÑA ROSA,0,,,
D5413P,DULCERA POLLITO,0,,,
5413PL,DULCERA LISA COLOR PLATA,25,,,
5413R,DULCERA LISA COLOR ROJA,25,,,
D5413RO,DULCERA LISA COLOR ROSA,0,,,
5414F,DULCERA FELICIDADES,25,,,
5414H,DULCERA HALLOWEN,0,,,
5418,LONCHERA MEDIANA DIA DEL NIÑO,0,,,
5494,MUÑECA MINIATURA DE ACETATO,0,,,
5495,CAJA BOLITO DE ACETATO,25,,,
5496,HEXAGONO MINIATURA DE ACETATO ,0,,,
5497,ER 01 CAJA REGALO 14  PTS. CON TAPA DE ACETATO,50,,,
5498,ER 03 CAJA REGALO 14  PTS. CON TAPA DE ACETATO,50,,,
5499,ER 06 CAJA REGALO 14  PTS. CON TAPA DE ACETATO,50,,,
5501,DISCO CHICO P/PASTEL,25,,,
5502,DISCO MEDIANO P/PASTEL,25,,,
5503,DISCO GRANDE P/PASTEL,25,,,
5504,BASE ROSCA  MEDIANA,10,,,
5505,BASE ROSCA CHICA,10,,,
5506,BASE ROSCA GRANDE,10,,,
5507,CAJA ROSCA GRANDE MICRO,10,,,
5508,CAJA ROSCA MEDIANA MICRO,0,,,
5509,CAJA ROSCA CHICA MICRO,10,,,
5510,CAJA ROSCA GRANDE MICRO,0,,,
5511,CAJA ROSCA MEDIANA MICRO,10,,,
5512,CAJA ROSCA CHICA MICRO,10,,,
5601,CAJA JUMBO MICRO,25,,,
5602,CAJA VESTIDO DE NOVIA,25,,,
5603,CAJA PARA RAMO DE NOVIA,25,,,
5604,CAJA PARA RAMO XV AÑOS,25,,,
5605,CAJA PARA RAMO XV AÑOS,25,,,
5606,ARCHIALTA,50,,,
5607,ARCHIMINI,50,,,
5608,CUBO MICRO BLANCO,50,,,
5609,CAJA GIS,50,,,
5610,CAJA MICRO BOND HO,50,,,
5611,CAJA VELA GRANDE MICRO,50,,,
5612,CAJA VELA CHICA MICRO,50,,,
5613,CUBO REHILETE,50,,,
5614,CAJA CREMA GDE.   MICRO KRAFT,50,,,
5615,CAJA CREMA CHICA MICRO KRAFT,50,,,
5619,CUBO MICRO KRAFT,25,,,
5623,CUBO MICRO KRAFT,25,,,
5624,CUBO MICRO KRAFT,25,,,
5625,CENTRO DE MESA MICRO KRAFT GRANDE,50,,,
5626,BOLSA MICRO KRAFT GRANDE,50,,,
5627,CUBO MICRO KRAFT ,50,,,
5628,CASITA MICRO KRAFT,25,,,
5629,VELA MINI MICRO BOND,50,,,
5630,CAJA DOBLE GIS ,50,,,
5631,BOLSA MICRO KRAFT CHICA,50,,,
5632,CENTRO DE MESA MICRO KRAFT CHICO,50,,,
5634,ORDENADOR DE CAJON CORTO 44 ECT,15,,,
5637,CAJA BOTELLA MICRO KRAFT ,25,,,
5638,CUBO MICRO KRAFT ,10,,,
5639,CUBO MICRO KRAFT ,25,,,
5640,LONCHERA SIX MICRO KRAFT ,25,,,
5703A,PARASOL NO.3 AVIONETA,2,,,
5703B,PARASOL NO.3 BANDERA,2,,,
5703F,PARASOL NO.3 FASHION,2,,,
5703CG,PARASOL NO.3 CIUDAD DE GUADALAJARA,2,,,
5703M,PARASOL NO.3 MOSTACHO,2,,,
5703GG,PARASOL NO.3 GUADALAJARA ,2,,,
5801,PIZZA 0 BOND,50,,,
5802,PIZZA 0 KRAFT,50,,,
5803,PIZZA 1 BOND,50,,,
5804,PIZZA 1 KRAFT,50,,,
5807,PIZZA 3 BOND,50,,,
5808,PIZZA 3 KRAFT,50,,,
5809,PIZZA 4 BOND,50,,,
5810,PIZZA 4 KRAFT,50,,,
5811,PIZZA 4A BOND,50,,,
5812,PIZZA 4A KRAFT,50,,,
5813,PIZZA 5 BOND,50,,,
5814,PIZZA 5 KRAFT,50,,,
5815,PIZZA 5A BOND,50,,,
5816,PIZZA 5A KRAFT,0,,,
5818,PIZZA 30CM BOND,50,,,
5819,PIZZA 30CM KRAFT,50,,,
5820,PIZZA 36CM BOND,50,,,
5821,PIZZA 36CM KRAFT,50,,,
5901,CAJA SINGLE No. 3,100,,,
5902,CAJA SINGLE No. 6,100,,,
5903,CAJA SINGLE No. 13,100,,,
5904,PASTELERA MEDIANA SINGLE,100,,,
5905,ALMOHADA GRANDE SINGLE ,50,,,
5906,COFRE MINI SINGLE,100,,,
5907,COFRE MEDIANO SINGLE,100,,,
5908,COFRE GRANDE SINGLE,100,,,
5909,LONCHERA CHICA SINGLE,100,,,
5910,CAJA P/BOTELLA SINGLE,50,,,
5911,BOLSA SINGLE CHICA,100,,,
5913,CUBO SINGLE,100,,,
5914,SOBRE SINGLE T/CARTA,50,,,
5916,BOLO SINGLE TIPO ALCANCIA,100,,,
5917,BOLSA SINGLE MEDIANA,50,,,
5918,BOLSA SINGLE GRANDE,50,,,
5920,ALMOHADA MINI SINGLE,100,,,
5921,CAJA PARA CD SINGLE,100,,,
5922,CAJA SINGLE No.11,100,,,
5923,CAJA SINGLE No.15,100,,,
5924,LONCHERA MEDIANA SINGLE,100,,,
5929,CUBO SORPRESA SINGLE,50,,,
5930,ALMOHADA CHICA SINGLE,100,,,
5931,CENTRO DE MESA SINGLE MEDIANO,100,,,
5932,CENTRO DE MESA SINGLE GRANDE,100,,,
5933,CENTRO DE MESA SINGLE MINI,100,,,
5934,COFRE CORRUGADO,0,,,
5935,DULCERO GRANDE SINGLE,100,,,
5936,DULCERO CHICA SINGLE ,100,,,
5937,CENTRO DE MESA PLANO GRANDE SINGLE,100,,,
5938,CENTRO DE MESA PLANO CHICO SINGLE,100,,,
5939,COFRE CORRUGADO JUMBO,25,,,
5940,CUBO SINGLE HO,100,,,
5941,ALMOHADA JUMBO SINGLE,50,,,
6001D,CAJA JOYERIA #32 DORADA,5,,,
6001P,CAJA JOYERIA #32 PLATEADA,5,,,
6002D,CAJA PULSERA #33 DORADA,5,,,
6002P,CAJA PULSERA #33 PLATEADA,5,,,
6003,CAJA DORADA Y PLATEADA  ,15,,,
6004,CAJA DECORADA,5,,,
6005D,CAJA RELOJ #82 DORADA,5,,,
6005P,CAJA RELOJ #82 PLATEADA,5,,,
6006D,CAJA COLLAR #75 DORADA,5,,,
6006P,CAJA COLLAR #75 PLATEADA,5,,,
6007,PAPEL REGALO DISNEY,50,,,
6008,PAPEL REGALO COUCHE,50,,,
6009,PAPEL REGALO KRAFT,50,,,
6010AC,PAPEL DE CHINA AZUL CIELO,0,,,
6010AMC,PAPEL DE CHINA AMARILLO CANARIO,0,,,
6010AMF,PAPEL DE CHINA AMARILLO FUERTE,0,,,
6010AR,PAPEL DE CHINA AZUL REY,0,,,
6010AZM,PAPEL DE CHINA AZUL MARINO,0,,,
6010BCO,PAPEL DE CHINA BLANCO,0,,,
6010BE,PAPEL DE CHINA BEIGE,0,,,
6010C,PAPEL DE CHINA CAFÉ,0,,,
6010F,PAPEL DE CHINA FIUSHA,0,,,
6010G,PAPEL DE CHINA GRIS ,0,,,
6010K,PAPEL DE CHINA COLOR KRAFT,0,,,
6010L,PAPEL DE CHINA LILA,0,,,
6010M,PAPEL DE CHINA MORADO,0,,,
6010N,PAPEL DE CHINA NARANJA,0,,,
6010NEG,PAPEL DE CHINA NEGRO,0,,,
6010ROJO,PAPEL DE CHINA ROJO,0,,,
6010ROSA,PAPEL DE CHINA ROSA,0,,,
6010T,PAPEL DE CHINA TINTO,0,,,
6010VB,PAPEL DE CHINA VERDE BANDERA,0,,,
6010VL,PAPEL DE CHINA VERDE LIMON,0,,,
6011AC,MOÑO MAGICO MEDIANO AZUL CIELO,0,,,
6011AM,MOÑO MAGICO MEDIANO AMARILLO,0,,,
6011AR,MOÑO MAGICO MEDIANO AZUL REY,0,,,
6011BCO,MOÑO MAGICO MEDIANO BLANCO,0,,,
6011D,MOÑO MAGICO MEDIANO DORADO,0,,,
6011ROJO,MOÑO MAGICO MEDIANO ROJO,0,,,
6011ROSA,MOÑO MAGICO MEDIANO ROSA,0,,,
6011V,MOÑO MAGICO MEDIANO VERDE,0,,,
6011SC,MOÑO MAGICO MEDIANO SURTIDO CLARO,0,,,
6011SF,MOÑO MAGICO MEDIANO SURTIDO FUERTE,0,,,
6012AC,MOÑO MAGICO CHICO AZUL CIELO,0,,,
6012AM,MOÑO MAGICO CHICO AMARILLO,0,,,
6012AR,MOÑO MAGICO CHICO AZUL REY,0,,,
6012BCO,MOÑO MAGICO CHICO BLANCO,0,,,
6012D,MOÑO MAGICO CHICO DORADO,0,,,
6012ROJO,MOÑO MAGICO CHICO ROJO,0,,,
6012ROSA,MOÑO MAGICO CHICO ROSA,0,,,
6012V,MOÑO MAGICO CHICO VERDE,0,,,
6012SC,MOÑO MAGICO CHICO SURTIDO CLARO,0,,,
6012SF,MOÑO MAGICO CHICO SURTIDO FUERTE,0,,,
6013AC,MOÑO MAGICO GDE AZUL CIELO,0,,,
6013AM,MOÑO MAGICO GDE AMARILLO,0,,,
6013AR,MOÑO MAGICO GDE AZUL REY,0,,,
6013BCO,MOÑO MAGICO GDE BLANCO,0,,,
6013D,MOÑO MAGICO GDE DORADO,0,,,
6013ROJO,MOÑO MAGICO GDE ROJO,0,,,
6013ROSA,MOÑO MAGICO GDE ROSA,0,,,
6013V,MOÑO MAGICO GDE VERDE,0,,,
6013SC,MOÑO MAGICO GDE SURTIDO CLARO,0,,,
6013SF,MOÑO MAGICO GDE SURTIDO FUERTE,0,,,
6014,CINTA CELOFAN TRANSPARENTE ,15,,,
6015,CINTA DIUREX,15,,,
6017AR,PAPEL REGALO METALICO AZUL REY,0,,,
6017D,PAPEL REGALO METALICO DORADO,0,,,
6017P,PAPEL REGALO METALICO PLATA,0,,,
6017R,PAPEL REGALO METALICO ROJO,0,,,
6017V,PAPEL REGALO METALICO VERDE,0,,,
6019AR, PAPEL DE CHINA PICADO AZUL REY,0,,,
6019B,BOLSA PAPEL DE CHINA PICADO BLANCO,0,,,
6019R,BOLSA PAPEL DE CHINA PICADO ROJO,0,,,
6019V,BOLSA PAPEL DE CHINA PICADO VERDE BANDERA,0,,,
6019S,BOLSA PAPEL DE CHINA PICADO SURTIDO,0,,,
6020,MOÑO CHICO DECORADO,15,,,
6021,MOÑO MEDIANO DECORADO,15,,,
6022,CILINDRO CHICO  DE ACETATO,2,,,
6024,MOÑO GRANDE DECORADO,15,,,
6029H,PORTARETRATO SINGLE S/ DECORAR HORIZONTAL,10,,,
6029V,PORTARETRATO SINGLE S/ DECORAR VERTICAL,10,,,
6030H,PORTARETRATO SINGLE DECORADO T/O HORIZONTAL,0,,,
6030V,PORTARETRATO SINGLE DECORADO T/O VERTICAL,0,,,
6031,COFRE CORRUGADO GDE. DECORADO,2,,,
6032,COFRE MEDIANO SINGLE DECORADO,2,,,
6033,COFRE GRANDE DECORADO SINGLE ,2,,,
6037,BOLSA PAPEL KRAFT MINI-MINI ,20,,,
6043,BOLSA KRAFT NATURAL PARA BOTELLA C/OJILLO,20,,,
6047,CUBO CORRUGADO DECORADO,2,,,
6049,CORAZÓN  PINTADO CHICO,2,,,
6050,CORAZÓN  PINTADO MEDIANO,2,,,
6051,CORAZÓN  PINTADO GRANDE,2,,,
6081,CILINDRO DE ACETATO MEDIANO ,2,,,
6086,CILINDRO DE ACETATO JUMBO,2,,,
6087,CILINDRO DE ACETATO GRANDE,2,,,
6088,CILINDRO DE ACETATO P/CORONA,2,,,
6089,CILINDRO BOLO DE ACETATO,2,,,
6090,CILINDRO MINI CORRUGADO ,2,,,
6091,CILINDRO CHICO CORRUGADO ,2,,,
6092,CILINDRO MEDIANO CORRUGADO    ,2,,,
6093,CILINDRO GRANDE CORRUGADO ,2,,,
6094,CILINDRO JUMBO CORRUGADO ,2,,,
6095,CILINDRO PETIT MICRO ,2,,,
6096,CILINDRO DE ACETATO MINI ,2,,,
6097,CILINDRO JOYERO ACETATO,2,,,
6098,CILINDRO PETIT ACETATO,2,,,
6102,CILINDRO JOYERO MICRO,10,,,
6108,BOLO ACETATO TIRA PINTADA,0,,,
6110,CILINDRO DE ACETATO P/ TOCADO,2,,,
6118AM,CILINDRO JOYERO COLOR AMARILLO,0,,,
6118 AC,CILINDRO JOYERO COLOR AZUL CLARO,0,,,
6118AR,CILINDRO JOYERO COLOR AZUL REY,0,,,
6118B,CILINDRO JOYERO COLOR BLANCO,0,,,
6118M,CILINDRO JOYERO COLOR MORADO,0,,,
6118N,CILINDRO JOYERO COLOR NARANJA,0,,,
6118R,CILINDRO JOYERO COLOR ROJO,0,,,
6118RC,CILINDRO JOYERO COLOR ROSA CLARO,0,,,
6118RF,CILINDRO JOYERO COLOR ROSA FIUSHA,0,,,
6118VF,CILINDRO JOYERO COLOR VERDE FUERTE,0,,,
6118VL,CILINDRO JOYERO COLOR VERDE LIMON,0,,,
6119,CAJA SOMBRERO MED SINGLE ,2,,,
6120,CAJA SOMBRERO GRANDE SINGLE ,2,,,
6121,CAJA HEXAGONO CHICO CORRUGADO,2,,,
6122,CAJA HEXAGONO MED CORRUGADO,2,,,
6123,CAJA HEXAGONO GDE CORRUGADO,2,,,
6124,CAJA OVALO CHICO CORRUGADO,2,,,
6125,CAJA OVALO MED CORRUGADO,2,,,
6126,CAJA OVALO GDE CORRUGADO,2,,,
6127,ESTRELLA CHICA CORRUGADO ,2,,,
6128,ESTRELLA GRANDE CORRUGADO ,2,,,
6129,CAJA HEXAGONO CHICA DECORADO CORRUG,2,,,
6130,CAJA HEXAGONO MED DECORADO CORRUG,2,,,
6131,CAJA HEXAGONO GDE DECORADO CORRUG ,2,,,
6132,CAJA OVALO CHICO DECORADO CORRUGADO,2,,,
6133,CAJA OVALO MED DECORADO CORRUGADO,2,,,
6134,CAJA OVALO GDE DECORADO CORRUGADO,2,,,
6135,CASITA DECORADA ,0,,,
6136,ESTRELLA JUMBO CORRUGADO,2,,,
6137,CUBO CORRUGADO SIN DECORAR,2,,,
6138,COFRE JUMBO DECORADO CORRUGADO,2,,,
6139,CAJA MANZANA CHICA CORRUGADO,2,,,
6140,CAJA MANZANA GRANDE CORRUGADO,2,,,
6141,CILINDRO PETIT DECORADO CORRUGADO T/O ,0,,,
6142,CILINDRO MINI DECORADO CORRUGADO T/O ,0,,,
6143,CILINDRO CHICO DECORADO CORRUGADO T/O ,0,,,
6144,CILINDRO MEDIANO DECORADO CORRUGADO T/O ,0,,,
6145,CILINDRO GRANDE DECORADO CORRUGADO T/O ,0,,,
6146,CILINDRO JUMBO DECORADO CORRUGADO T/O ,0,,,
6147,CILINDRO DE ACETATO BOTELLA DECORADA,2,,,
6148,CILINDRO CORRUGADO BOTELLA DECORADA,2,,,
6149AM,CAJA CHOCOLATERA AMARILLO,0,,,
6149AC,CAJA CHOCOLATERA AZUL CLARO,0,,,
6149AR,CAJA CHOCOLATERA AZUL REY,0,,,
6149M,CAJA CHOCOLATERA MORADO,0,,,
6149N,CAJA CHOCOLATERA NARANJA,0,,,
6149R,CAJA CHOCOLATERA ROJO,0,,,
6149RC,CAJA CHOCOLATERA ROSA CLARO,0,,,
6149RF,CAJA CHOCOLATERA ROSA FIUSHA,0,,,
6149VF,CAJA CHOCOLATERA VERDE FUERTE,0,,,
6149VL,CAJA CHOCOLATERA VERDE LIMON,0,,,
6150,CILINDRO SORPRESA CORRUGADO DECORADO,2,,,
6151,CAJA DOMINO CORRUGADO,2,,,
6152,CAJA CARTA BARAJA CORRUGADO,2,,,
6153,CAJA DADO CHICO CORRUGADO,2,,,
6154,CAJA DADO GRANDE CORRUGADO,2,,,
6155,CAJA MARIPOSA GRANDE CORRUGADO DECORADO,2,,,
6156,CAJA MARIPOSA CHICA CORRUGADO DECORADO,2,,,
6157,CAJA FLOR GRANDE CORRUGADO DECORADO,2,,,
6158,CAJA FLOR CHICA CORRUGADO DECORADO,2,,,
6163,CORAZON GRANDE 15 CM DE ALTURA,0,,,
6165,CORAZON CORRUGADO CON VENTANA,4,,,
6166,CILINDRO GRANDE DE 15CM DE ALTURA 14 FEB,2,,,
6203,CONTENEDOR CHICO  DC 48 ECT,2,,,
6204,CONTENEDOR GRANDE DC 48 ECT,1,,,
6205,CAJA CUADRO CHICO 29 ECT,15,,,
6206,CAJA CUADRO GRANDE 29 ECT,15,,,
6207C,JUGUETERO CH IMPRESO CUADROS,2,,,
6207ÑA,JUGUETERO CH IMPRESO NIÑA,2,,,
6207ÑO,JUGUETERO CH IMPRESO NIÑO ,2,,,
6209,CASITA BLANCA CORRUGADA,2,,,
6210,AVION EN CORRUGADO KRAFT ,0,,,
6211,ESTUFA EN CORRUG KRAFT ,0,,,
6212,CARRITO EN CORRUG KRAFT ,2,,,
6213,COHETE EN CORRUG KRAFT ,2,,,
6214,JUEGO DE VINIL PARA ESTUFA ,0,,,
6215,JUEGO DE VINIL PARA CARRITO ,2,,,
6216,JUEGO DE VINIL PARA COHETE ,2,,,
6301,EXHIBIDOR DE CARTON 44 ECT,0,,,
6306,CUBO CORRUGADO DECORADO NAVIDEÑO,0,,,
6307,PINO CORRUGADO ENSAMBLABLE MEDIDA 54X61,0,,,
6308,PINO CORRUGADO CON ESTRELLA ENSAMBLABLE MEDIDA 45X68,0,,,
6309,CILINDRO BASTONES CHICO ,2,,,
6310,CENTRO DE MESA CHICO SINGLE RENO,2,,,
6311,CENTRO DE MESA GRANDE SINGLE RENO,2,,,
6312,CENTRO DE MESA CHICO PLANO SINGLE RENO,0,,,
6313,CENTRO DE MESA GRANDE PLANO SINGLE RENO,0,,,
6314,CAJA PINGÜINO CORRUGADO ,2,,,
6315,CAJA CAMPANA CORRUGADO,2,,,
6316,CAJA GALLETA JENGIBRE CORRUGADO,2,,,
6317,CAJA PINO CHICO MICRO NAVIDEÑA,2,,,
6318,CAJA CORRUGADO DECORADO NAVIDEÑO,2,,,
6319,CAJA PINO GRANDE DECORADO MICRO NAVIDEÑA,2,,,
6320,CAJA MONO DE NIEVE MICRO NAVIDEÑA,2,,,
6321,CAJA BOTA MICRO NAVIDEÑA,2,,,
6322,CAJA BASTON MICRO NAVIDEÑA,0,,,
6323,COFRE JUMBO CORRUGADO DECORADO NAVIDEÑO,2,,,
6324,CILINDRO DE ACETATO BOTELLA DECORADO NAV,2,,,
6325,CILINDRO CORRUGADO BOTELLA DECORADO NAV,2,,,
6326,CAJA CHOCOLATERA DECORADA NAVIDEÑA Y MOÑO,2,,,
6327,CILINDRO SORPRESA CORRUGADO DECORADO NAV,2,,,
6328,CILINDRO CORRUGADO CARA DE RENO NAV,2,,,
6329,CILINDRO CORRUGADO VELA NAVIDEÑA,2,,,
6330,CAJA HEXAGONO CHICA DEC NAVIDEÑA CORRUG,2,,,
6331,CAJA HEXAGONO MEDIANO DEC NAVIDEÑA CORRUG,2,,,
6332,CAJA HEXAGONO GRANDE DEC NAVIDEÑA CORRUG,2,,,
6333,CAJA OVALO CHICA DEC NAVIDEÑA CORRUG,2,,,
6334,CAJA OVALO MED DEC NAVIDEÑA CORRUG,2,,,
6335,CAJA OVALO GDE DEC NAVIDEÑA CORRUG,2,,,
6336,COFRE GRANDE DEC NAVIDEÑO SINGLE,2,,,
6350,CILINDRO MEDIANO PINTADO NAVIDEÑO SANTA CLAUS,2,,,
6351,CILINDRO GRANDE PINTADO NAVIDEÑO SANTA CLAUS,2,,,
6352,CILINDRO JUMBO PINTADO NAVIDEÑO SANTA CLAUS,2,,,
6353,CUBO COPOS 20X20 MICRO KRAFT,10,,,
6354,CUBO COPOS 30X30 MICRO KRAFT,10,,,
6355,CUBO COPOS 40X40 MICRO KRAFT,10,,,
6360,CASITA DEC NAVIDEÑA,2,,,
6375,ER-13 PINGÜINO ,25,,,
6376,ER-11 ESP HOJAS ,25,,,
6377,ER-06 HOJAS ,25,,,
6378,VIZCAINO JOY PEACE LOVE,25,,,
6379,ALMOHADA GRANDE PINO BLANCO,25,,,
6380,MALETIN MICRO KRAFT COPOS VENADO,25,,,
6381A,SOBRE YOURS ROMBO AZUL,25,,,
6381R,SOBRE YOURS ROMBO ROJO ,25,,,
6382A,ALMOHADA CON ASA ESTRELLA NAV AZUL,25,,,
6382R,ALMOHADA CON ASA ESTRELLA NAV ROJO,25,,,
6382V,ALMOHADA CON ASA ESTRELLA NAV VERDE,25,,,
6383D,LONCHERA MEDIANA COLLAGE NAV DORADO ,25,,,
6383P,LONCHERA MEDIANA COLLAGE NAV PLATA,25,,,
6383R,LONCHERA MEDIANA COLLAGE NAV ROJO ,25,,,
6384,CAJA KRAFT PINO BLANCO,25,,,
6385,COFRE MEDIANO DECORADO NAVIDEÑO SINGLE,2,,,
6386,COFRE GRANDE DECORADO NAVIDEÑO CORRUGADO,0,,,
6387H,PORTARETRATO DEC NAV HORIZONTAL SINGLE,0,,,
6387V,PORTARETRATO DEC NAV VERTICAL SINGLE,0,,,
6409,PAPEL DE CHINA IMPRESO NAVIDEÑO,0,,,
6413,BOLSA SATINADA MINI NAVIDEÑA,2,,,
6414,BOLSA SATINADA CHICA NAVIDEÑA,24,,,
6415,BOLSA SATINADA MEDIANA NAVIDEÑA,24,,,
6416,BOLSA SATINADA GRANDE NAVIDEÑA,24,,,
6417,BOLSA SATINADA EXTRAGRANDE(JUMBO) NAVIDEÑA,24,,,
6418,BOLSA SATINADA ALTA NAVIDEÑA,24,,,
6419,BOLSA SATINADA XXL NAVIDEÑA,24,,,
6420,BOLSA SATINADA BOUTIQUE CHICA NAVIDEÑA,24,,,
6421,BOLSA SATINADA BOUTIQUE MEDIANA NAVIDEÑA,24,,,
6422,BOLSA SATINADA BOTELLA NAVIDEÑA,24,,,
6425,PAPEL COUCHE NAVIDEÑO,24,,,
6426,PAPEL DISNEY NAVIDEÑO,50,,,
6429A,PAPEL HOLOGRAMA AZUL,50,,,
6429D,PAPEL HOLOGRAMA DORADO,0,,,
6429P,PAPEL HOLOGRAMA PLATA,0,,,
6429R,PAPEL HOLOGRAMA ROJO,0,,,
6429V,PAPEL HOLOGRAMA VERDE,0,,,
6430A,PAPEL GOFRADO AZUL,0,,,
6430D,PAPEL GOFRADO DORADO,0,,,
6430P,PAPEL GOFRADO PLATA,0,,,
6430R,PAPEL GOFRADO ROJO,0,,,
6430V,PAPEL GOFRADO VERDE,0,,,
6431NAV,CAJA VIZCAINO NAVIDAD WE WISH YOU,0,,,
D6431R,CAJA VIZCAINO ROJA NAVIDAD,0,,,
D6431V,CAJA VIZCAINO VERDE NAVIDAD,0,,,
6433,DULCERA CASITA NAVIDEÑA,25,,,
D6435,CUBO CONTRAENCOLADO 30X30 COPOS,10,,,
6438,MOÑO MINI METALICO,100,,,
6439,ER 11 ESPECIAL RENOS,25,,,
D6440A,ER 06 PINO DORADO AZUL,0,,,
D6440R,ER 06 PINO DORADO ROJA,0,,,
6440S,ER 06 SANTA STOP NAVIDEÑA,25,,,
D6440V,ER 06 PINO DORADO VERDE,0,,,
D6441A,ER 13 PINO DORADO AZUL,0,,,
D6441PR,ER 13 PINO ROJO NVA,0,,,
D6441PV,ER 13 PINO VERDE NVA,0,,,
D6441R,ER 13 PINO DORADO ROJO,0,,,
D6441V,ER 13 PINO DORADO VERDE,0,,,
6441VEN,ER 13 VENADO NAVIDAD,25,,,
D6441FR,ER 13 FELIZ NAVIDAD ROJA,0,,,
D6441FV,ER 13 FELIZ NAVIDAD VERDE,0,,,
6442,CAJA HAPPY DAY NAVIDAD,25,,,
6443,CAJA MULTIUSOS NAVIDAD,25,,,
6443J,CAJA MULTIUSOS JOY PEACE LOVE,25,,,
6443P,CAJA MULTIUSOS PEEKING CHRISTMAS,25,,,
6444P,LONCHERA MINI PLATA NAVIDAD,25,,,
6444R,LONCHERA MINI ROJO NAVIDAD,25,,,
D6444ROSA,LONCHERA MINI ROSA NAVIDAD,0,,,
6445D,LONCHERA MEDIANA DULCEY SANTA NAV,25,,,
D6445R,LONCHERA MEDIANA RENOS NAV,0,,,
6445S,LONCHERA MEDIANA CARAS NAV,25,,,
6448,DULCERA MEDIANA NAVIDEÑA,25,,,
6449B,DULCERA BOTA,25,,,
6449BASTON,DULCERA BASTON KRAFT,25,,,
6449BK,DULCERA BOTA KRAFT,25,,,
6449P,DULCERA PINO,25,,,
6449PK,DULCERA PINO KRAFT,25,,,
6430D,PAPEL GOFRADO DORADO,0,,,
6430P,PAPEL GOFRADO PLATA ,0,,,
6430R,PAPEL GOFRADO ROJO,0,,,
6430V,PAPEL GOFRADO VERDE,0,,,
6450,MOÑO MEDIANO DECORADO NAVIDEÑO,0,,,
6451,MOÑO GRANDE DECORADO NAVIDEÑO¨,0,,,
6452,ALMOHADA NAVIDEÑA HO HO HO,25,,,
6453,DULCERA PINGÜINO NAVIDEÑA,25,,,
6454,PELUCHERA MEDIANA MONOS DE NIEVE,25,,,
6455,PELUCHERA MEDIANA RENO NAVIDEÑA,25,,,
6456,CAJA TIPO VIZCAINO RENO,25,,,
6457,CAJA 13 OH CHRISMA TREE,25,,,
6458,CAJA TIPO BOLSA CON ASA NAVIDEÑA,25,,,
6459,CUBO ESFERAS,25,,,
6460A,CAJA TIPO ALMOHADA SANTA AZUL,25,,,
6460R,CAJA TIPO ALMOHADA SANTA ROJA,25,,,
6460MERRY,CAJA TIPO ALMOHADA MERRY,25,,,
6461,ALCANCIA RENO ,25,,,
6462,ALCANCIA SANTA,25,,,
6463,LONCHERA MEDIANA RENOS FELIZ NAVIDAD,25,,,
6464,CASITA KRAFT NAVIDEÑA,25,,,
6474,CUBO MERRY CHRISMAS,10,,,
6475,CUBO SURPRICE NAVIDEÑO,25,,,
6476,BOLSA EUROPA GRANDE NAVIDEÑA ,25,,,
6482,LONCHERA COPOS DE NIEVE,25,,,
6486,LONCHERA EXTRA MINI CARAS NAVIDEÑA,25,,,
6487,CAJA PALOMITAS NAVIDEÑA GRANDE,25,,,
6488,CAJA PALOMITAS NAVIDEÑA MEDIANA,25,,,
6489,CAJA PALOMITAS NAVIDEÑA CHICA,0,,,
6490AN,BOLSA EUROPA MEDIANA ARBOL NAVIDEÑO EN MEDIDA 31X12X36,0,,,
6490K,BOLSA EUROPA MEDIANA NAVIDEÑA KRAFT EN MEDIDA 31X12X36,0,,,
6491,BOLSA EUROPA NAVIDEÑA CHICA KRAFT,25,,,
6492,DULCERA NAVIDEÑA CUP CAKE,25,,,
6494,DULCERO RENO,25,,,
6495B,MUÑECA GRANDE NAVIDEÑA BUHO,25,,,
6495S,MUÑECA GRANDE NAVIDEÑA SANTA,25,,,
6496,DULCERA ESPECIAL ESFERAS Y RENO,25,,,
6497,LONCHERA ECO NAVIDEÑA,25,,,
6498,PELUCHERA GRANDE JENGIBRE,25,,,
6499,LONCHERA GRANDE RENO Y ESFERA ,25,,,
6501,BOLSA SATINADA MINI ,0,,,
6502,BOLSA SATINADA CHICA   ,0,,,
6503,BOLSA SATINADA MEDIANA ,0,,,
6504,BOLSA SATINADA GRANDE ,0,,,
6505,BOLSA SATINADA JUMBO ,0,,,
6520HA,BOLSA KRAFT COLOR HORIZONTAL MINI AZUL,10,,,
6520HR,BOLSA KRAFT COLOR HORIZONTAL MINI ROJO,10,,,
6520HV,BOLSA KRAFT COLOR HORIZONTAL MINI VERDE,10,,,
6520VA,BOLSA KRAFT COLOR VERTICAL MINI AZUL,10,,,
6520VR,BOLSA KRAFT COLOR VERTICAL MINI ROJO,5,,,
6520VV,BOLSA KRAFT COLOR VERTICAL MINI VERDE,10,,,
6521HA,BOLSA KRAFT COLOR HORIZONTAL CHICA AZUL,10,,,
6521HR,BOLSA KRAFT COLOR HORIZONTAL CHICA ROJO,10,,,
6521HV,BOLSA KRAFT COLOR HORIZONTAL CHICA VERDE,10,,,
6521VA,BOLSA KRAFT COLOR VERTICAL CHICA AZUL,10,,,
6521VR,BOLSA KRAFT COLOR VERTICAL CHICA ROJO,10,,,
6521VV,BOLSA KRAFT COLOR VERTICAL CHICA VERDE,10,,,
6522HA,BOLSA KRAFT COLOR HORIZONTAL MEDIANA AZUL,10,,,
6522HR,BOLSA KRAFT COLOR HORIZONTAL MEDIANA ROJO,10,,,
6522HV,BOLSA KRAFT COLOR HORIZONTAL MEDIANA VERDE,10,,,
6522VA,BOLSA KRAFT COLOR VERTICAL MEDIANA AZUL,10,,,
6522VR,BOLSA KRAFT COLOR VERTICAL MEDIANA ROJO,10,,,
6522VV,BOLSA KRAFT COLOR VERTICAL MEDIANA VERDE,10,,,
6523HA,BOLSA KRAFT COLOR HORIZONTAL GRANDE AZUL,10,,,
6523HR,BOLSA KRAFT COLOR HORIZONTAL GRANDE ROJO,10,,,
6523HV,BOLSA KRAFT COLOR HORIZONTAL GRANDE VERDE,10,,,
6523VA,BOLSA KRAFT COLOR VERTICAL GRANDE AZUL,10,,,
6523VR,BOLSA KRAFT COLOR VERTICAL GRANDE ROJO,10,,,
6523VV,BOLSA KRAFT COLOR VERTICAL GRANDE VERDE,10,,,
6524HA,BOLSA KRAFT COLOR HORIZONTAL JUMBO AZUL,10,,,
6524HR,BOLSA KRAFT COLOR HORIZONTAL JUMBO ROJO,10,,,
6524HV,BOLSA KRAFT COLOR HORIZONTAL JUMBO VERDE,10,,,
6524VA,BOLSA KRAFT COLOR VERTICAL JUMBO AZUL,0,,,
6524VR,BOLSA KRAFT COLOR VERTICAL JUMBO ROJO,10,,,
6524VV,BOLSA KRAFT COLOR VERTICAL JUMBO VERDE,10,,,
6525HN,BOLSA KRAFT NATURAL HORIZONTAL MINI,10,,,
6525VN,BOLSA KRAFT NATURAL VERTICAL MINI,10,,,
6526HN,BOLSA KRAFT NATURAL HORIZONTAL CHICA,10,,,
6526VN,BOLSA KRAFT NATURAL VERTICAL CHICA,10,,,
6527HN,BOLSA KRAFT NATURAL HORIZONTAL MEDIANA,10,,,
6527VN,BOLSA KRAFT NATURAL VERTICAL MEDIANA,10,,,
6528HN,BOLSA KRAFT NATURAL HORIZONTAL GRANDE,10,,,
6528VN,BOLSA KRAFT NATURAL VERTICAL GRANDE,10,,,
6529HN,BOLSA KRAFT NATURAL HORIZONTAL JUMBO,10,,,
6529VN,BOLSA KRAFT NATURAL VERTICAL JUMBO,10,,,
6530,BOLSA PARA BOTELLA  KRAFT PINTADA,10,,,
6531,BOLSA PARA BOTELLA  KRAFT NATURAL SIN OJILLO,10,,,
6580,PAPEL CHINA IMPRESO,50,,,
6594HB,BOLSA BOND MINI HORIZONTAL BLANCA ,0,,,
6594VB,BOLSA BOND MINI VERTICAL BLANCA ,10,,,
6595HB,BOLSA BOND CHICA HORIZONTAL BLANCA ,0,,,
6595VB,BOLSA BOND CHICA VERTICAL BLANCA ,0,,,
6596HB,BOLSA BOND MEDIANA HORIZONTAL BLANCA ,0,,,
6596VB,BOLSA BOND MEDIANA VERTICAL BLANCA ,10,,,
6597HB,BOLSA BOND GRANDE HORIZONTAL BLANCA,0,,,
6597VB,BOLSA BOND GRANDE VERTICAL BLANCA,10,,,
6598HB,BOLSA BOND JUMBO HORIZONTAL BLANCA,0,,,
6598VB,BOLSA BOND JUMBO VERTICAL BLANCA,10,,,
6613,BOLSA DE PAPEL ESTRASA No. 6,100,,,
6614,BOLSA DE PAPEL ESTRASA No. 10,100,,,
6615,BOLSA DE PAPEL ESTRASA No. 20,100,,,
6619,BOLSA DE PAPEL ESTRASA No. 5 ,0,,,
6620,BOLSA ESTRASA DESPENSA 30.5X18X41CM,100,,,
8001,MINIESTAND XD-2,2,,,
8002,RACK XR-1 (SIN INSERTOS),0,,,
8003,RACK XR-2 (SIN INSERTOS),2,,,
8004,RACK XR-3 (SIN INSERTOS),0,,,
8005,RACK XR-4 (SIN INSERTOS),0,,,
8006,RACK XR-5 (SIN INSERTOS),0,,,
8007,RACK XR-6 (SIN INSERTOS),0,,,
8008,CHAROLA EXHIBIDORA XM-1  (SIN INSERTOS),5,,,
8009,CHAROLA EXHIBIDORA XM-2 (SIN INSERTOS),5,,,
8010,CHAROLA EXHIBIDORA XM-3 (SIN INSERTOS),5,,,
8011,CHAROLA EXHIBIDORA XM-4  (SIN INSERTOS),5,,,
8012,"INSERTO XR-1 PLAFON. ESCALERA, DIVISORES, SOPORTE",0,,,
8013,"INSERTO XR-2 PLAFON. ESCALERA, DIVISORES, SOPORTE",0,,,
8014,"INSERTO XR-3 PLAFON. ESCALERA, DIVISORES, SOPORTE",0,,,
8015,"INSERTO XR-6 PLAFON. ESCALERA, DIVISORES, SOPORTE",0,,,
8016,"INSERTO XM-1 PLAFON. ESCALERA, DIVISORES",10,,,
8017,"INSERTO XM-2 PLAFON. ESCALERA, DIVISORES",10,,,
8018,"INSERTO XM-3 PLAFON. ESCALERA, DIVISORES",10,,,
8019,"INSERTO XM-4 PLAFON. ESCALERA, DIVISORES",10,,,
8020,JUEGO VINIL AUTOADHERIBLE PARA XD-2,0,,,
8021,JUEGO VINIL AUTOADHERIBLE PARA XR-1,0,,,
8022,JUEGO VINIL AUTOADHERIBLE PARA XR-2,0,,,
8023,JUEGO VINIL AUTOADHERIBLE PARA XR-3,0,,,
8024,JUEGO VINIL AUTOADHERIBLE PARA XR-4,0,,,
8025,JUEGO VINIL AUTOADHERIBLE PARA XR-5,0,,,
8026,JUEGO VINIL AUTOADHERIBLE PARA XR-6,0,,,
8027,JUEGO VINIL AUTOADHERIBLE PARA XM-1,0,,,
8028,JUEGO VINIL AUTOADHERIBLE PARA XM-2,0,,,
8029,JUEGO VINIL AUTOADHERIBLE PARA XM-3,0,,,
8030,JUEGO VINIL AUTOADHERIBLE PARA XM-4,0,,,
